Symbol,Date,First_Trading_Date,Second_Trading_Date,Third_Trading_Date,Open,High,Low,Close,Volume,EMA_20,EMA_50,Previous_EMA_20,Previous_EMA_50,EMA_Difference,Three_Day_Crossover,EMA_Gap_%,RSI,30_3Day_Avg_Volume,Slope_20,Slope_50,Trading_Days
NMB,2026-09-28,2026-09-23,2026-09-24,2026-09-28,255.0,266.3,251.3,257.0,282259.0,245.29,244.69,244.06,244.19,0.6,True,0.24,63.98,133014.43,0.66,0.23,3
PCBL,2026-09-28,2026-09-23,2026-09-24,2026-09-28,260.0,263.1,250.0,260.0,725790.0,243.98,243.06,242.29,242.37,0.91,True,0.37,69.16,173423.8,0.91,0.32,3
SHL,2026-09-28,2026-09-23,2026-09-24,2026-09-28,519.0,520.9,512.0,516.0,102070.0,504.63,503.97,503.43,503.47,0.66,True,0.13,63.23,68714.37,0.83,0.29,3
NTC,2026-09-17,2026-09-15,2026-09-16,2026-09-17,912.0,912.0,880.0,892.0,35781.0,874.39,873.42,872.53,872.67,0.96,True,0.11,69.67,33171.03,1.4,0.5,3
SHINE,2026-09-11,2026-09-09,2026-09-10,2026-09-11,417.1,422.6,412.2,422.0,65752.0,411.65,411.4,410.57,410.96,0.26,True,0.06,67.54,48264.63,0.25,0.08,3
LBBL,2026-07-24,2026-07-22,2026-07-23,2026-07-24,494.2,515.0,491.0,510.0,227618.0,488.91,487.91,486.69,487.01,1.0,True,0.21,59.05,204500.43,0.1,0.03,3
BFC,2026-06-24,2026-06-22,2026-06-23,2026-06-24,474.1,521.5,474.1,520.1,256256.0,483.5,482.29,479.65,480.75,1.21,True,0.25,63.84,89974.97,3.3,1.19,3
RLFL,2026-06-19,2026-06-17,2026-06-18,2026-06-19,487.0,490.8,437.0,490.8,157378.0,458.26,458.24,454.84,456.91,0.03,True,0.01,61.14,85310.0,2.66,0.9,3
CFCL,2026-06-04,2026-06-02,2026-06-03,2026-06-04,560.7,620.0,540.0,613.9,798862.0,527.33,525.79,518.22,522.2,1.54,True,0.29,68.65,89986.03,1.14,0.31,3
GMFIL,2026-03-23,2026-03-21,2026-03-22,2026-03-23,485.5,523.0,485.5,519.9,235256.0,479.45,478.49,475.19,476.8,0.96,True,0.2,64.33,108577.87,2.04,0.68,3
SINDU,2026-03-22,2026-03-20,2026-03-21,2026-03-22,783.8,899.0,783.8,864.9,259734.0,778.15,777.24,769.02,773.66,0.91,True,0.12,53.77,105133.67,4.84,1.58,3
ADBL,2026-03-20,2026-03-18,2026-03-19,2026-03-20,310.0,327.9,310.0,326.5,560560.0,306.78,306.38,304.71,305.55,0.41,True,0.13,67.27,136373.83,1.19,0.4,3
DHPL,2026-03-17,2026-03-15,2026-03-16,2026-03-17,325.0,332.0,314.0,332.0,84642.0,307.85,307.66,305.31,306.67,0.19,True,0.06,65.62,41186.7,1.39,0.45,3
TPC,2026-03-13,2026-03-11,2026-03-12,2026-03-13,405.0,434.0,402.0,425.0,886553.0,384.5,384.43,380.24,382.78,0.07,True,0.02,67.44,400195.0,2.16,0.69,3
AHPC,2026-03-09,2026-03-07,2026-03-08,2026-03-09,280.0,316.1,275.0,310.0,683861.0,281.12,280.12,278.08,278.9,1.0,True,0.36,69.41,508143.63,1.03,0.35,3
GLH,2026-02-12,2026-02-10,2026-02-11,2026-02-12,280.0,297.0,272.2,284.0,694604.0,260.56,259.38,258.1,258.38,1.18,True,0.45,67.46,148449.77,1.3,0.47,3
MHNL,2026-02-11,2026-02-09,2026-02-10,2026-02-11,272.0,291.0,268.0,290.0,201829.0,261.24,259.85,258.22,258.62,1.4,True,0.54,65.89,70750.93,2.53,0.92,3
SCB,2025-11-30,2025-11-26,2025-11-27,2025-11-30,650.0,669.0,648.1,665.0,162867.0,638.32,638.24,635.51,637.15,0.08,True,0.01,54.58,92609.03,1.07,0.33,3
MLBL,2025-07-22,2025-07-20,2025-07-21,2025-07-22,425.0,444.5,413.5,438.83,901703.0,395.85,393.45,391.33,391.6,2.4,True,0.61,67.66,412954.23,1.65,0.6,3
NLICL,2025-07-21,2025-07-17,2025-07-20,2025-07-21,634.5,691.0,633.0,661.59,183876.0,615.88,613.82,611.07,611.87,2.07,True,0.34,57.1,83303.47,1.86,0.68,3
CGH,2025-06-25,2025-06-23,2025-06-24,2025-06-25,955.0,1000.0,931.0,994.9,285928.0,915.68,912.33,907.34,908.96,3.34,True,0.37,62.69,154013.83,7.5,2.63,3
SPC,2025-02-03,2025-01-28,2025-02-02,2025-02-03,605.0,670.0,605.0,661.0,699954.0,554.53,549.6,543.32,545.05,4.93,True,0.9,64.17,150874.07,4.79,1.69,3
NABIL,2024-07-25,2024-07-23,2024-07-24,2024-07-25,574.0,590.0,563.0,575.9,476902.0,496.37,495.33,487.99,492.04,1.04,True,0.21,64.14,210978.57,6.41,2.12,3
LEC,2024-07-24,2024-07-22,2024-07-23,2024-07-24,220.0,241.0,212.6,226.9,779738.0,193.2,192.1,189.65,190.68,1.09,True,0.57,69.76,184972.93,1.91,0.64,3
JBBL,2024-07-11,2024-07-09,2024-07-10,2024-07-11,310.0,324.0,310.0,317.5,377572.0,295.75,295.07,293.46,294.16,0.67,True,0.23,67.3,144236.73,0.74,0.24,3
SSHL,2024-06-25,2024-06-23,2024-06-24,2024-06-25,179.0,185.6,172.5,179.0,399266.0,168.24,168.14,167.1,167.7,0.09,True,0.06,65.32,155298.57,0.77,0.25,3
SADBL,2024-05-15,2024-05-13,2024-05-14,2024-05-15,324.0,336.0,317.0,325.1,586988.0,305.48,304.34,303.41,303.49,1.14,True,0.37,63.35,119974.93,1.14,0.41,3
BARUN,2024-01-29,2024-01-25,2024-01-28,2024-01-29,244.9,271.0,244.9,271.0,236347.0,238.73,237.26,235.33,235.89,1.47,True,0.62,68.53,89393.8,2.74,0.98,3
MKJC,2024-01-10,2024-01-08,2024-01-09,2024-01-10,437.5,461.0,429.0,440.0,26427.0,379.39,377.78,373.0,375.25,1.6,True,0.42,66.47,7736.4,5.66,1.95,3
EDBL,2023-12-20,2023-12-18,2023-12-19,2023-12-20,372.0,378.8,334.0,350.0,180173.0,318.5,317.47,315.18,316.14,1.03,True,0.32,58.21,44074.33,1.43,0.44,3
SIFC,2023-12-19,2023-12-17,2023-12-18,2023-12-19,354.0,386.0,353.0,379.2,87393.0,334.66,334.15,329.98,332.31,0.52,True,0.16,61.49,26432.27,1.57,0.47,3
GBBL,2023-12-13,2023-12-11,2023-12-12,2023-12-13,404.8,405.0,383.0,391.5,148143.0,376.05,375.33,374.42,374.67,0.72,True,0.19,53.82,68403.6,0.74,0.26,3
KRBL,2023-12-10,2023-12-06,2023-12-07,2023-12-10,276.5,314.4,271.0,309.9,10384.0,275.89,274.48,272.31,273.03,1.41,True,0.51,63.34,29647.2,1.59,0.58,3
RURU,2023-09-04,2023-08-30,2023-09-03,2023-09-04,762.0,842.0,755.0,842.0,1188.0,772.1,768.09,764.74,765.08,4.0,True,0.52,66.82,1593.5,1.99,0.76,3
MBL,2023-07-20,2023-07-18,2023-07-19,2023-07-20,246.0,258.0,237.4,253.9,307883.0,233.72,232.9,231.59,232.04,0.82,True,0.35,64.62,96894.63,0.58,0.2,3
MPFL,2023-06-28,2023-06-26,2023-06-27,2023-06-28,359.0,367.0,349.9,351.0,126027.0,323.76,323.51,320.89,322.38,0.26,True,0.08,60.28,20646.83,1.66,0.52,3
ALICL,2023-06-26,2023-06-22,2023-06-25,2023-06-26,666.0,760.0,666.0,732.0,414510.0,620.57,613.94,608.84,609.12,6.63,True,1.08,69.63,76301.0,7.38,2.68,3
BPCL,2023-06-19,2023-06-15,2023-06-18,2023-06-19,347.0,365.0,339.2,347.0,63535.0,325.85,324.67,323.62,323.76,1.18,True,0.36,62.99,34965.97,1.95,0.69,3
EBL,2023-02-09,2023-02-07,2023-02-08,2023-02-09,520.0,552.0,516.0,550.0,267219.0,504.03,502.5,499.19,500.56,1.53,True,0.3,69.43,120466.23,2.86,1.02,3
GRDBL,2023-02-08,2023-02-06,2023-02-07,2023-02-08,262.1,294.0,262.0,286.0,28398.0,261.82,260.89,259.28,259.87,0.93,True,0.36,68.61,21562.27,2.15,0.78,3
CHDC,2023-02-07,2023-02-05,2023-02-06,2023-02-07,742.5,805.0,742.5,804.0,34215.0,717.54,715.68,708.44,712.07,1.87,True,0.26,67.73,28100.0,8.11,2.82,3
SAPDBL,2023-02-07,2023-02-05,2023-02-06,2023-02-07,260.0,280.0,251.2,280.0,23506.0,249.28,248.81,246.05,247.54,0.47,True,0.19,63.93,32881.03,2.93,1.04,3
PPCL,2023-02-01,2023-01-30,2023-01-31,2023-02-01,373.0,378.0,359.0,364.0,78223.0,323.58,322.67,319.32,320.98,0.91,True,0.28,67.11,59936.2,5.37,1.85,3
PROFL,2023-01-04,2023-01-02,2023-01-03,2023-01-04,313.6,343.7,313.6,343.7,112697.0,290.5,289.52,284.89,287.31,0.98,True,0.34,66.81,48978.4,1.94,0.61,3
OHL,2022-12-26,2022-12-21,2022-12-22,2022-12-26,490.0,495.0,470.1,495.0,6132.0,479.27,478.71,477.62,478.04,0.57,True,0.12,67.57,6377.77,0.95,0.34,3
SBI,2021-01-12,2021-01-10,2021-01-11,2021-01-12,425.0,485.0,421.0,484.0,507232.0,425.63,424.28,419.49,421.84,1.36,True,0.32,63.68,110013.4,0.34,0.08,3
KSBBL,2020-09-30,2020-09-28,2020-09-29,2020-09-30,156.0,187.0,156.0,187.0,481581.0,153.38,151.49,149.84,150.04,1.89,True,1.24,68.6,79095.53,0.86,0.33,3
CZBIL,2020-09-28,2020-09-24,2020-09-27,2020-09-28,202.0,217.0,202.0,213.0,287691.0,198.55,198.35,197.03,197.76,0.19,True,0.1,61.4,149628.5,0.67,0.21,3
UPPER,2020-09-21,2020-09-17,2020-09-20,2020-09-21,260.0,298.0,260.0,271.0,551260.0,240.04,238.54,236.78,237.21,1.5,True,0.63,68.89,135953.6,2.27,0.81,3
CBL,2020-09-20,2020-09-16,2020-09-17,2020-09-20,145.0,165.0,144.0,157.0,749530.0,145.63,145.31,144.43,144.83,0.32,True,0.22,55.0,273405.77,0.36,0.13,3
CHCL,2020-09-15,2020-09-13,2020-09-14,2020-09-15,467.0,495.0,465.0,479.0,136139.0,416.41,416.21,409.82,413.64,0.2,True,0.05,69.38,66311.3,4.36,1.41,3
KBL,2020-03-03,2020-03-01,2020-03-02,2020-03-03,232.0,240.0,208.0,220.0,741336.0,198.66,198.21,196.42,197.32,0.45,True,0.23,69.31,176748.83,1.58,0.52,3
PRVU,2020-03-02,2020-02-27,2020-03-01,2020-03-02,277.0,292.0,264.0,264.0,1230454.0,250.62,250.02,249.21,249.45,0.6,True,0.24,65.65,302990.37,1.4,0.47,3
SFCL,2020-01-30,2020-01-28,2020-01-29,2020-01-30,105.0,109.0,103.0,104.0,2847.0,99.3,99.05,98.81,98.85,0.25,True,0.25,63.46,3803.27,0.54,0.19,3
ICFC,2020-01-20,2020-01-16,2020-01-19,2020-01-20,173.0,196.0,173.0,181.0,58353.0,161.35,160.32,159.28,159.48,1.02,True,0.64,66.15,9074.93,0.37,0.13,3
TRH,2020-01-19,2020-01-15,2020-01-16,2020-01-19,299.0,335.0,294.0,325.0,80231.0,284.59,282.11,280.34,280.36,2.48,True,0.88,69.57,13634.23,1.77,0.67,3
GUFL,2020-01-15,2020-01-13,2020-01-14,2020-01-15,121.0,127.0,118.0,124.0,25519.0,113.9,113.8,112.84,113.39,0.1,True,0.09,58.33,4382.33,0.35,0.1,3
CCBL,2020-01-14,2020-01-12,2020-01-13,2020-01-14,169.0,182.0,168.0,178.0,261376.0,164.82,164.53,163.43,163.98,0.29,True,0.17,69.05,58593.63,0.58,0.19,3
GFCL,2019-07-04,2019-07-02,2019-07-03,2019-07-04,132.0,133.0,129.0,133.0,3462.0,126.63,126.23,125.96,125.96,0.39,True,0.31,69.44,3173.67,0.47,0.17,3
SLICL,2019-05-19,2019-05-15,2019-05-16,2019-05-19,615.0,615.0,597.0,603.0,46316.0,555.91,555.56,550.95,553.63,0.35,True,0.06,66.67,18151.5,4.4,1.47,3
NLIC,2019-04-09,2019-04-07,2019-04-08,2019-04-09,1090.0,1125.0,1085.0,1104.0,27622.0,1067.96,1066.2,1064.17,1064.66,1.76,True,0.17,56.23,36319.4,3.09,1.1,3
NIB,2018-12-25,2018-12-23,2018-12-24,2018-12-25,679.0,684.0,670.0,681.0,177867.0,644.08,644.02,640.19,642.51,0.06,True,0.01,63.03,43633.2,2.06,0.63,3
SBL,2015-07-23,2015-07-16,2015-07-22,2015-07-23,670.0,757.0,671.0,757.0,38109.0,673.03,668.62,664.2,665.01,4.42,True,0.66,60.44,15382.2,2.09,0.8,3
PLIC,2013-08-08,2013-08-06,2013-08-07,2013-08-08,275.0,304.0,268.0,301.0,71037.0,271.43,270.27,268.32,269.02,1.16,True,0.43,68.89,7878.23,2.16,0.76,3
