Symbol,Date,Open,High,Low,Close,Percent Change,Volume,52High,52Low,EMA_20,EMA_50,RSI,30D_Avg_Volume,Slope_20,Slope_50,Crossover
ACLBSL,2026-03-25,1089.5,1090.0,1048.0,1053.0,-3.35,1858.0,1240.0,900.0,,,,,,,
ADBL,2026-03-25,328.5,340.0,328.5,330.0,0.46,106584.0,344.9,272.3,,,,,,,
ADBL,2024-05-09,236.8,241.5,233.1,239.0,2.58,37949.0,,,233.87988833132405,233.63651964536552,68.24641979272656,24010.866666666665,0.3641540137794038,0.1357678586149575,True
ADBLD83,2026-03-25,1065.0,1065.0,1065.0,1065.0,0.0,100.0,1160.0,1042.2,,,,,,,
AHL,2026-03-25,516.0,525.0,515.1,522.0,1.16,9530.0,753.0,462.6,,,,,,,
AHL,2026-01-28,552.1,601.0,551.5,597.9,8.3,22893.0,891.0,532.0,558.3821607586073,556.3270563142926,67.11833755120719,8604.041666666666,1.4752894181641978,0.546298943304987,True
AHPC,2026-03-25,316.5,318.8,309.1,310.0,-2.05,378520.0,334.0,245.0,,,,,,,
AHPC,2023-06-14,304.9,308.9,299.0,302.5,1.17,166201.0,,,291.9588859583069,291.34902906437594,52.46132292673547,61633.066666666666,0.9096465416988962,0.3301787593611493,True
AKJCL,2026-03-25,404.0,414.9,401.8,402.1,-0.47,709740.0,431.8,172.9,,,,,,,
AKJCL,2025-02-27,199.9,218.9,199.9,217.9,7.18,682497.0,,,204.79073860556767,204.2378598914314,67.01847804906329,174350.96666666667,0.2817573812573982,0.1033022344788548,True
AKPL,2026-03-25,309.9,309.9,299.0,302.0,-2.55,468970.0,317.0,216.1,,,,,,,
AKPL,2026-01-20,250.0,256.0,250.0,254.5,1.8,248194.0,,,246.7672143222213,246.67771101158843,64.54293382927912,87330.76666666666,0.2494157453284572,0.0801654167078254,True
ALBSL,2026-03-25,1264.2,1321.3,1240.0,1286.0,1.72,32287.0,1334.0,771.0,,,,,,,
ALICL,2026-03-25,495.0,496.0,484.0,489.0,-1.21,95142.0,779.0,430.0,,,,,,,
ALICL,2026-01-21,494.4,494.4,486.2,487.7,-1.36,42229.0,,,472.5842933876416,471.6490485083991,69.12353673541841,41761.63333333333,1.2765315615794974,0.4556561470773431,True
ANLB,2026-03-25,6561.0,6561.0,6461.3,6461.3,-1.52,110.0,6800.0,4920.0,,,,,,,
API,2026-03-25,360.0,368.9,358.7,359.0,-0.28,1429057.0,368.9,258.8,,,,,,,
API,2025-12-18,290.0,290.8,287.0,288.0,-0.69,103102.0,,,285.9464146772276,285.83578638288355,40.60149513324493,91157.2,0.2125313376256144,0.0720613830815068,True
AVYAN,2026-03-25,1366.0,1366.0,1229.2,1260.0,-7.76,54272.0,1366.0,906.0,,,,,,,
AVYAN,2026-01-20,965.0,970.0,956.0,958.7,-0.65,4178.0,,,943.5846160549224,942.9736151309144,60.92628484337899,2485.1111111111118,0.7336095497412771,0.2609845758062647,True
BANDIPUR,2026-03-25,967.0,985.0,940.0,973.0,0.62,112278.0,1233.0,285.0,,,,,,,
BARUN,2026-03-25,396.7,396.7,380.0,380.0,-4.21,142096.0,589.0,292.1,,,,,,,
BARUN,2022-01-13,499.8,516.0,490.0,515.4,5.18,44601.0,,,472.7892981977185,471.1896949112973,59.15033494531272,24061.566666666666,3.379182109892599,1.198134553764794,True
BBC,2026-03-25,5200.0,5600.0,5100.0,5499.0,5.75,6884.0,6661.6,4480.0,,,,,,,
BEDC,2026-03-25,523.2,535.0,523.2,535.0,2.26,13610.0,872.0,500.0,,,,,,,
BEDC,2025-12-31,540.0,548.9,539.0,540.0,0.0,7177.0,,,530.133590094236,529.913109120513,67.85714285714286,11602.857142857143,0.1600513521805169,0.0375237848869119,True
BFC,2026-03-25,519.0,520.0,505.0,505.1,-2.68,31140.0,594.9,411.5,,,,,,,
BFC,2026-01-21,485.5,493.9,479.0,484.0,-0.31,41449.0,,,470.03126208352734,469.6185182910769,63.12785754000382,34348.666666666664,1.3348008877133908,0.4465971332483264,True
BGWT,2026-03-25,786.0,790.0,771.0,787.0,0.13,6972.0,1110.0,730.7,,,,,,,
BGWT,2026-01-20,787.0,802.5,759.0,800.0,1.65,9577.0,,,773.9892960213174,773.5055063044998,69.64635599906948,2837.833333333333,0.8007852690162508,0.2530238021969581,True
BHCL,2026-03-25,602.0,614.9,597.8,609.9,1.31,80689.0,699.0,292.1,,,,,,,
BHDC,2026-03-25,503.0,509.0,495.3,498.0,-0.99,54970.0,706.0,426.0,,,,,,,
BHDC,2026-01-26,505.0,505.0,486.1,492.4,-2.5,97827.0,760.2,426.0,476.85011861499527,476.451294690274,57.52855754830049,42485.77272727273,0.8707722100622732,0.2780991232529345,True
BHL,2026-03-25,256.0,256.0,247.0,248.0,-3.12,672166.0,340.0,164.0,,,,,,,
BHL,2026-01-08,177.4,182.0,174.4,180.8,1.92,151089.0,,,177.29998042832744,177.0846595909542,61.44577759516279,74750.53846153847,0.0724309946409846,0.030495539614958,True
BHPL,2026-03-25,608.0,608.0,582.0,585.0,-3.78,45773.0,1308.4,503.1,,,,,,,
BHPL,2026-01-20,561.0,569.0,550.8,559.9,-0.2,109431.0,,,546.3338730562115,545.7450584737807,65.20447004240242,98014.0,1.201629365578447,0.4182445142937922,True
BJHL,2026-03-25,366.5,395.3,366.5,395.3,7.86,100.0,395.3,270.1,,,,,,,
BNHC,2026-03-25,367.7,382.0,367.7,373.0,1.44,18927.0,613.8,313.1,,,,,,,
BNL,2026-03-25,15600.0,15601.0,15600.0,15600.0,0.0,40.0,19931.69,14635.8,,,,,,,
BNT,2026-03-25,12100.0,12100.0,11930.0,12099.0,-0.01,314.0,13550.0,10660.0,,,,,,,
BPCL,2026-03-25,753.0,760.0,746.1,750.0,-0.4,70784.0,1065.0,380.7,,,,,,,
BPCL,2026-01-08,752.0,765.0,746.9,764.0,1.6,116648.0,,,735.7000813557177,735.5247314167934,62.88185242995642,100728.73333333334,2.463926454738453,0.807363409422328,True
BUNGAL,2026-03-25,663.0,678.0,647.1,665.5,0.38,33893.0,822.0,302.4,,,,,,,
C30MF,2026-03-25,10.08,10.27,10.08,10.12,0.4,1800.0,10.71,8.7,,,,,,,
CBBL,2026-03-25,969.9,971.0,951.2,955.0,-1.54,47742.0,1144.8,822.0,,,,,,,
CFCL,2026-03-25,577.0,577.0,556.7,567.0,-1.73,22024.0,651.0,445.1,,,,,,,
CFCL,2025-07-21,562.0,562.0,542.2,554.49,0.62,36931.0,,,536.0048327891003,535.3417996955831,69.35578701181262,25757.233333333334,2.293484401572141,0.8045640901909564,True
CGH,2026-03-25,895.0,895.0,875.1,875.1,-2.22,30007.0,1150.0,800.2,,,,,,,
CGH,2025-06-08,899.0,918.0,896.0,901.47,0.28,68736.0,,,877.458850931688,876.8729416447189,60.85187238179432,48973.73333333333,0.827975468847194,0.2650187364509065,True
CHCL,2026-03-25,514.0,515.0,506.1,511.9,-0.41,51533.0,599.6,456.0,,,,,,,
CHCL,2023-12-11,536.0,536.0,505.1,515.0,-2.09,102458.0,,,483.5882085953896,482.804274758299,68.73963452807338,13686.3,1.7362347212788336,0.5602301199657177,True
CHDC,2026-03-25,2566.0,2605.0,2566.0,2574.0,0.31,35849.0,2997.9,1990.0,,,,,,,
CHDC,2023-05-18,722.1,756.0,722.0,753.0,2.45,5527.0,,,723.6966792918466,723.387536560152,65.79439582861546,3209.2,0.5275579292549765,0.1358439708021706,True
CHL,2026-03-25,322.0,328.0,317.5,320.0,-0.62,92283.0,551.0,223.4,,,,,,,
CHL,2026-01-21,279.0,282.5,274.5,277.0,-0.72,128073.0,,,262.5980276987314,262.09169220512774,64.85059541400085,44460.63333333333,1.1147421522477203,0.3870750167970186,True
CIT,2026-03-25,1895.0,1900.0,1862.0,1870.0,-1.32,11117.0,2168.0,1730.8,,,,,,,
CITY,2026-03-25,509.0,510.5,499.0,500.1,-1.75,20229.0,998.4,461.0,,,,,,,
CKHL,2026-03-25,695.1,735.0,694.1,702.4,1.05,5967.0,804.0,550.0,,,,,,,
CKHL,2025-12-31,637.0,668.0,637.0,665.0,4.4,10551.0,,,650.0114444956653,649.8511692773149,63.63636363636363,9430.57142857143,0.1927650896092473,0.0486652280119869,True
CLI,2026-03-25,490.0,499.0,490.0,490.3,0.06,41452.0,540.0,411.0,,,,,,,
CMF2,2026-03-25,10.31,10.4,10.31,10.35,0.39,22213.0,10.86,8.64,,,,,,,
CMF2,2026-02-03,9.79,10.16,9.79,10.16,3.78,7036.0,10.86,8.64,9.90987093052174,9.901648989590898,63.26532399640328,3068.1428571428573,0.005402821474512,0.0017416338317442,True
CORBL,2026-03-25,2174.7,2174.7,2070.0,2070.1,-4.81,12538.0,2800.0,1431.0,,,,,,,
CORBL,2023-12-07,333.5,340.0,327.0,340.0,3.98,4595.0,,,323.00650746039696,322.5666023319015,65.23605122107992,3085.366666666667,0.732875563587379,0.2507243617128779,True
CREST,2026-03-25,1400.0,1410.0,1390.0,1410.0,0.71,23179.0,2458.2,302.5,,,,,,,
CREST,2026-01-04,1197.0,1228.0,1181.1,1225.0,2.34,15078.0,,,1214.0699176554515,1213.9866369048616,53.98550724637681,8075.333333333333,0.1011015529022643,0.044117831100857,True
CSY,2026-03-25,9.46,9.8,9.42,9.8,3.59,17685.0,10.0,8.87,,,,,,,
CYCL,2026-03-25,1615.1,1650.0,1615.1,1644.9,1.85,2662.0,2040.0,1462.0,,,,,,,
CZBIL,2026-03-25,235.0,235.0,225.4,226.7,-3.53,184044.0,240.1,183.0,,,,,,,
CZBIL,2025-07-07,217.4,217.4,211.0,211.66,-0.7,110009.0,,,208.11448625588343,207.99108991203497,62.20572738090436,84445.56666666667,0.4502026079370068,0.1551234160877925,True
DDBL,2026-03-25,904.0,904.0,885.2,886.0,-1.99,17128.0,1010.0,760.2,,,,,,,
DHEL,2026-03-25,705.0,727.0,698.0,715.0,1.42,46970.0,918.9,402.2,,,,,,,
DHEL,2025-12-29,567.6,576.0,555.0,562.0,-0.99,38260.0,,,559.2144105636467,559.1482956987712,55.69105186765746,33374.666666666664,0.0028796713230804,-0.0103433016520057,True
DHPL,2026-03-25,340.0,340.9,335.0,336.2,-1.12,24078.0,415.0,265.0,,,,,,,
DHPL,2026-01-25,306.1,316.0,306.1,314.9,2.87,35811.0,,,296.5799403142768,296.4434675586893,67.21014112165344,9837.033333333333,1.0356525519154616,0.3358915849891332,True
DLBS,2026-03-25,1405.0,1443.8,1372.0,1420.0,1.07,2735.0,1684.0,1240.0,,,,,,,
DLBS,2026-01-22,1333.0,1356.6,1330.0,1356.6,1.77,1115.0,,,1336.6327189248043,1336.113071264753,53.94485608311446,758.8,2.009967562881047,0.6559719233269334,True
DOLTI,2026-03-25,524.0,524.0,510.0,517.9,-1.16,10277.0,719.0,470.6,,,,,,,
DOLTI,2025-12-29,518.2,521.7,515.0,518.5,0.06,3426.0,,,515.2680567635017,515.0865099038475,58.13953488372093,2607.5,0.0536113527003408,0.0173019807695027,True
DORDI,2026-03-25,315.7,318.0,307.8,311.0,-1.49,170951.0,450.0,213.1,,,,,,,
EBL,2026-03-25,730.2,730.2,713.0,714.0,-2.22,34018.0,780.6,600.0,,,,,,,
EBL,2022-10-16,485.0,510.0,478.0,510.0,5.15,176659.0,,,487.5710952355889,487.261721929457,60.98563072263732,17599.1,0.484502091312379,0.1543122461600433,True
EBLD85,2026-03-25,1170.7,1170.7,1170.7,1170.7,0.0,25.0,1250.0,1102.5,,,,,,,
EBLD86,2026-03-25,1088.7,1088.7,1088.7,1088.7,0.0,25.0,1150.0,1022.0,,,,,,,
EBLD91,2026-03-25,1094.0,1105.0,1094.0,1105.0,1.01,75.0,1142.4,994.4,,,,,,,
EBLEB89,2026-03-25,1079.0,1079.0,1079.0,1079.0,0.0,10.0,1117.9,996.1,,,,,,,
EDBL,2026-03-25,645.0,645.0,620.0,620.1,-3.86,18517.0,717.3,545.0,,,,,,,
EDBL,2023-12-14,338.0,362.0,335.2,355.1,3.83,80883.0,,,314.3495296786969,312.2813071597233,69.80749198488778,9317.466666666667,2.208536368969726,0.7895539272555538,True
EHPL,2026-03-25,455.0,456.0,445.0,445.0,-2.2,54070.0,717.5,385.0,,,,,,,
EHPL,2026-01-08,410.0,410.0,400.0,406.0,-0.98,32623.0,,,400.8536987894958,400.6064751131391,53.10519282353373,36120.38461538462,0.5536607897417184,0.1917855567304627,True
ENL,2026-03-25,954.2,986.9,950.0,974.0,2.08,3138.0,1289.8,866.0,,,,,,,
FMDBL,2026-03-25,927.0,927.0,872.0,897.0,-3.24,80449.0,1038.8,718.0,,,,,,,
FOWAD,2026-03-25,1160.0,1160.0,1126.1,1130.0,-2.59,6481.0,1324.4,1012.4,,,,,,,
FOWAD,2026-01-22,1099.9,1119.5,1094.7,1117.0,1.55,6138.0,,,1087.9438435084835,1086.5444288639333,68.75,2194.2,1.245459615501477,0.4399372810536078,True
GBBD85,2026-03-25,1067.1,1090.3,1067.1,1090.3,2.17,75.0,1135.0,1020.1,,,,,,,
GBBL,2026-03-25,434.0,435.1,428.0,428.0,-1.38,52224.0,498.0,367.4,,,,,,,
GBBL,2026-01-21,411.0,411.0,398.9,400.0,-2.68,31303.0,,,390.0087207177834,389.93726506703007,65.62500662274111,22986.566666666666,1.1742421031386812,0.388099576144134,True
GBIME,2026-03-25,260.0,260.0,252.0,252.6,-2.85,343362.0,278.9,213.0,,,,,,,
GBIME,2024-01-17,213.5,214.0,205.8,208.5,-0.43,230444.0,,,203.44225657975136,203.1595639718451,60.53640832323875,141128.83333333334,0.2717029963107052,0.0931448794634036,True
GBIMESY2,2026-03-25,9.6,9.97,9.43,9.83,2.4,16040.0,10.18,8.5,,,,,,,
GBLBS,2026-03-25,820.0,824.8,813.0,813.0,-0.85,18284.0,950.0,698.0,,,,,,,
GCIL,2026-03-25,476.0,477.0,460.2,461.7,-3.0,91877.0,579.0,400.0,,,,,,,
GFCL,2026-03-25,713.7,713.7,680.0,683.0,-4.3,27531.0,756.8,528.3,,,,,,,
GFCL,2026-01-08,647.5,647.5,624.5,624.9,-3.49,46772.0,,,597.2440737190044,595.8437812591421,60.10028825550114,18403.733333333334,3.0564941930412943,1.0511990553837678,True
GHL,2026-03-25,268.9,277.0,268.9,270.0,0.41,275333.0,295.0,197.1,,,,,,,
GHL,2024-07-11,156.0,159.6,153.0,158.8,3.12,306490.0,,,150.119841461194,150.11381515400922,69.40297785143993,92331.46666666666,0.339355399509958,0.1043138865558546,True
GIBF1,2026-03-25,11.35,11.61,11.21,11.28,-0.62,28770.0,11.68,9.3,,,,,,,
GILB,2026-03-25,1244.5,1244.5,1210.3,1227.0,-1.41,5610.0,1441.6,1100.0,,,,,,,
GLBSL,2026-03-25,1957.0,1990.0,1955.1,1973.0,0.82,1555.0,3232.0,1838.6,,,,,,,
GLH,2026-03-25,303.4,310.0,303.0,304.0,0.2,261252.0,328.2,227.4,,,,,,,
GLH,2021-05-05,383.0,405.0,369.0,400.0,4.44,56811.0,,,373.7709524048588,372.4306904167598,66.66666666666666,21356.222222222223,0.9011724483618876,0.3262387987630631,True
GMFBS,2026-03-25,1475.0,1516.0,1445.0,1474.0,-0.07,2588.0,1871.0,1385.1,,,,,,,
GMFIL,2026-03-25,535.0,537.0,520.4,523.1,-2.22,62939.0,557.0,393.1,,,,,,,
GMFIL,2026-01-18,454.7,506.0,454.7,488.0,7.32,104242.0,,,463.4771537498244,463.3119204790653,67.06827727616454,54395.46666666667,0.4504561302304978,0.1292485362256798,True
GMLI,2026-03-25,1742.0,1756.0,1735.0,1740.0,-0.11,3949.0,2778.0,1694.0,,,,,,,
GMLI,2026-01-22,1729.2,1778.0,1727.0,1774.0,2.59,4217.0,,,1732.1585072176822,1729.6691003775013,66.18130965547965,2350.05,2.0018116933489183,0.7029232336068162,True
GRDBL,2026-03-25,1199.6,1199.6,1153.0,1178.9,-1.73,12388.0,1668.4,944.0,,,,,,,
GRDBL,2025-07-01,1300.0,1422.9,1280.0,1378.98,5.84,39855.0,,,1252.9279906778677,1251.0222373473484,62.80878443691463,27971.566666666666,8.166888621486532,2.6784171503873493,True
GSY,2026-03-25,9.88,10.09,9.88,9.98,1.01,101795.0,10.4,8.7,,,,,,,
GUFL,2026-03-25,601.0,601.0,591.1,591.1,-1.65,19997.0,644.0,460.6,,,,,,,
GUFL,2023-06-11,510.0,533.8,506.0,520.0,3.79,59953.0,,,500.0494843593588,499.5800093229233,55.406134148317406,14562.5,1.8060815057218744,0.6529561049726794,True
GVL,2026-03-25,525.0,526.0,510.6,516.0,-1.71,80275.0,662.0,424.0,,,,,,,
H8020,2026-03-25,11.57,12.16,11.57,12.0,3.72,253900.0,12.21,10.0,,,,,,,
HATHY,2026-03-25,965.0,965.0,940.0,940.6,-2.53,19361.0,1469.8,875.5,,,,,,,
HATHY,2026-01-20,900.0,928.2,897.0,928.0,3.11,29411.0,,,895.2584481419397,895.0922592952102,63.45775662353567,11613.0,0.1029692259834746,-0.0170540796748809,True
HBL,2026-03-25,227.5,231.9,226.0,226.1,-0.62,159094.0,261.0,184.0,,,,,,,
HBL,2025-03-03,259.1,259.1,245.0,248.0,-2.4,119094.0,,,237.9509261265345,237.90624966961337,67.01462455239007,58195.36666666667,1.038166490417774,0.3364482584642701,True
HDHPC,2026-03-25,257.7,258.7,245.2,246.6,-4.31,1057134.0,274.0,162.0,,,,,,,
HDHPC,2026-01-21,193.0,194.8,186.5,187.0,-3.11,213970.0,,,179.49523656224778,179.48039100439146,58.823520229404735,77542.53333333334,0.5222557474071664,0.1593115031257696,True
HDL,2026-03-25,1254.0,1260.0,1232.0,1235.0,-1.52,113050.0,1556.1,1103.0,,,,,,,
HDL,2025-12-31,1160.0,1165.0,1151.0,1164.0,0.34,32838.0,,,1147.3535107735324,1146.4113877889845,61.56811613304087,28279.42857142857,0.4040354880398354,0.1371795185812061,True
HEI,2026-03-25,560.0,579.0,560.0,563.0,0.54,23512.0,654.0,458.0,,,,,,,
HEI,2025-12-29,504.0,511.0,501.0,510.0,1.19,17159.0,,,504.05123604833926,503.8930834903931,63.8009149747367,12002.833333333334,0.0302484303709775,-0.001382081218253,True
HEIP,2026-03-25,329.0,331.7,326.1,326.6,-0.73,4831.0,403.5,293.1,,,,,,,
HFIN,2026-03-25,215.0,239.0,215.0,239.0,11.16,270.0,239.0,101.7,,,,,,,
HHL,2026-03-25,383.0,383.0,375.0,376.1,-1.8,84671.0,545.0,310.7,,,,,,,
HIDCL,2026-03-25,298.0,307.0,296.0,301.0,1.01,1205668.0,340.0,245.0,,,,,,,
HIDCLP,2026-03-25,229.0,230.6,225.0,226.0,-1.31,1035673.0,239.0,169.0,,,,,,,
HIMSTAR,2026-03-25,935.1,985.0,935.1,980.0,4.8,19591.0,1264.0,252.2,,,,,,,
HLBSL,2026-03-25,994.0,994.0,959.6,960.0,-3.42,15125.0,1100.0,837.0,,,,,,,
HLI,2026-03-25,399.0,401.0,389.9,393.9,-1.28,187578.0,464.0,354.8,,,,,,,
HLI,2026-01-21,380.0,382.9,375.1,376.0,-1.05,42993.0,,,370.6357722918205,370.610967362514,48.58757159556824,46178.63157894737,0.1062917185653418,0.020459548439328,True
HLICF,2026-03-25,9.53,9.79,9.53,9.79,2.73,53700.0,10.55,8.74,,,,,,,
HPPL,2026-03-25,427.7,444.0,412.0,418.2,-2.22,479027.0,711.0,388.9,,,,,,,
HPPL,2024-06-23,270.0,280.0,267.1,277.0,4.53,80245.0,,,262.6065935906711,262.23441710113565,66.9491613092772,17736.433333333334,0.797463862213067,0.2753450670300026,True
HRL,2026-03-25,900.0,902.0,876.2,876.2,-2.64,209679.0,1139.9,762.1,,,,,,,
HURJA,2026-03-25,294.1,298.0,290.0,293.0,-0.37,289733.0,312.1,204.6,,,,,,,
HURJA,2026-01-22,232.0,237.6,228.6,237.5,2.37,199696.0,,,225.40784879831983,225.14109256359097,69.45244272459435,47715.1,0.6016520056598097,0.19838907566903,True
ICFC,2026-03-25,690.0,690.0,676.0,683.0,-1.01,20944.0,730.9,555.0,,,,,,,
ICFC,2026-01-08,648.1,652.8,648.0,649.0,0.14,17446.0,,,634.7373103264752,634.5961369728681,60.33591405243344,24478.93333333333,1.1256148828243568,0.3589519340999459,True
ICFCD83,2026-03-25,1091.5,1091.5,1088.5,1088.5,-0.27,70.0,1368.9,1088.5,,,,,,,
ICFCD88,2026-03-25,1150.0,1150.0,1150.0,1171.0,1.83,51.0,1216.0,1044.1,,,,,,,
IGI,2026-03-25,490.9,490.9,475.0,478.0,-2.63,42668.0,600.0,392.0,,,,,,,
IHL,2026-03-25,524.0,527.0,520.0,521.0,-0.57,13943.0,718.0,490.0,,,,,,,
ILBS,2026-03-25,1055.0,1065.0,1029.0,1049.0,-0.57,11378.0,1311.0,795.2,,,,,,,
ILI,2026-03-25,475.0,475.0,466.0,467.0,-1.68,28857.0,500.0,405.0,,,,,,,
JBBD87,2026-03-25,1162.8,1162.8,1162.8,1162.8,0.0,10.0,1289.0,1042.0,,,,,,,
JBBL,2026-03-25,389.0,390.0,377.3,378.0,-2.83,222192.0,413.0,295.0,,,,,,,
JBBL,2026-01-06,340.9,342.9,335.0,335.9,-1.47,97912.0,,,324.1489855608723,323.6129349341087,64.11764952275865,48174.8,0.6526652776126639,0.2287265541463511,True
JBLB,2026-03-25,1395.0,1395.0,1380.1,1384.0,-0.79,10449.0,1644.0,1270.7,,,,,,,
JFL,2026-03-25,468.0,468.0,452.0,453.0,-3.21,18769.0,558.0,395.0,,,,,,,
JFL,2026-01-21,465.0,468.1,442.0,451.0,-3.01,40246.0,,,431.0799026555234,430.1795961256791,68.88888888888889,17570.6,2.1496664204551506,0.740702263779292,True
JHAPA,2026-03-25,1466.2,1494.0,1405.1,1430.0,-2.47,16859.0,1749.0,293.4,,,,,,,
JHAPA,2025-12-29,1248.0,1271.9,1228.8,1263.9,1.27,18557.0,,,1244.917934664113,1244.8235641462888,69.3251686891053,12525.5,-0.0164130671773818,-0.0352871707422309,True
JOSHI,2026-03-25,325.0,325.0,314.0,314.9,-3.11,82312.0,487.0,254.0,,,,,,,
JOSHI,2025-05-14,456.5,464.0,430.3,435.73,-2.65,189576.0,,,391.0037926225494,390.09696628554815,68.67777522561279,51388.16666666666,3.2030653011523214,1.036879342564032,True
JSLBB,2026-03-25,1245.0,1245.0,1230.0,1230.0,-1.2,1898.0,1535.8,1059.0,,,,,,,
JSLBB,2026-01-25,1200.0,1208.0,1181.3,1208.0,0.67,1920.0,,,1179.9110537173751,1179.0812883849876,63.29231604293823,947.904761904762,1.177131592909063,0.4063672561672319,True
KBL,2026-03-25,245.0,248.0,240.1,241.8,-1.31,1676626.0,256.0,175.5,,,,,,,
KBL,2025-07-02,208.0,213.1,208.0,212.67,1.33,326145.0,,,206.51408572385563,206.4135720822701,64.32048147197492,464397.5333333333,0.2001219549789027,0.0580399640048938,True
KBSH,2026-03-25,1743.0,1743.0,1721.0,1721.0,-1.26,354.0,2579.0,1618.0,,,,,,,
KDBY,2026-03-25,10.34,10.72,10.34,10.52,1.74,110115.0,10.72,8.67,,,,,,,
KDL,2026-03-25,900.0,914.0,895.0,902.0,0.22,3373.0,1212.0,770.0,,,,,,,
KEF,2026-03-25,9.82,10.03,9.82,9.95,1.32,51320.0,10.42,8.31,,,,,,,
KKHC,2026-03-25,297.8,297.8,288.0,290.0,-2.62,103429.0,475.9,208.0,,,,,,,
KKHC,2025-06-22,355.4,369.8,353.5,355.53,-1.96,37453.0,,,350.3197098294854,350.2371129087988,57.135014787714745,25827.2,1.0473051705217586,0.3514553435172615,True
KMCDB,2026-03-25,977.1,996.0,970.0,976.0,-0.11,9397.0,1223.0,893.0,,,,,,,
KPCL,2026-03-25,541.5,548.0,529.0,536.0,-1.02,112410.0,711.0,491.0,,,,,,,
KPCL,2025-06-17,573.0,573.0,546.0,547.32,-2.66,16628.0,,,535.1594368308132,535.138217323503,62.90454213722964,21528.033333333333,2.1883670736905287,0.7226690055780864,True
KSBBL,2026-03-25,511.0,518.0,504.2,506.0,-0.98,134747.0,588.0,404.1,,,,,,,
KSBBL,2025-05-20,451.0,460.0,445.0,455.98,1.77,46326.0,,,444.4795441420649,444.21405133994574,66.08219655277702,27225.466666666667,0.756519329801813,0.2656173944896182,True
KSBBLD87,2026-03-25,1162.8,1162.8,1162.8,1162.8,0.0,155.0,1178.1,1041.3,,,,,,,
KSY,2026-03-25,9.7,9.9,9.7,9.9,2.06,2200.0,10.51,8.21,,,,,,,
LBBL,2026-03-25,540.0,544.8,514.0,519.0,-3.89,167124.0,646.3,376.5,,,,,,,
LBBL,2026-01-13,490.1,505.0,489.2,496.5,1.31,317450.0,,,472.735009713462,471.70825982078566,57.42240154787121,122532.16666666669,1.5531130837145042,0.5555604061865438,True
LBBLD89,2026-03-25,1320.0,1342.0,1320.0,1342.0,1.67,150.0,1346.0,1150.1,,,,,,,
LBLD86,2026-03-25,1132.0,1132.0,1132.0,1132.0,0.0,15.0,1205.0,1077.4,,,,,,,
LEC,2026-03-25,267.0,268.3,257.0,257.6,-3.52,432207.0,276.0,180.0,,,,,,,
LEC,2025-06-16,217.0,227.9,214.5,221.21,3.11,527259.0,,,215.092107818763,214.98696781238843,64.38496623779,189533.5,0.2437312471192967,0.0808817766728282,True
LICN,2026-03-25,896.0,896.0,868.7,875.0,-2.34,39283.0,1052.0,773.0,,,,,,,
LICN,2023-06-12,1390.0,1423.0,1380.0,1415.0,1.82,14463.0,,,1333.1062290877069,1328.7217723621127,65.75341412041541,6371.033333333334,5.04568072555603,1.8018088278135564,True
LLBS,2026-03-25,1050.0,1055.0,1028.0,1052.5,0.24,2121.0,1300.5,865.0,,,,,,,
LLBS,2026-01-26,1027.1,1068.0,1005.3,1030.0,0.28,2037.0,1367.3,865.0,982.487389145812,981.870419659357,62.972569927997526,1335.1818181818182,4.453615991275842,1.4772195051609287,True
LSL,2026-03-25,235.2,240.0,232.3,233.9,-0.55,352849.0,252.0,201.0,,,,,,,
LUK,2026-03-25,9.83,10.0,9.83,10.0,1.73,4400.0,11.97,8.97,,,,,,,
LVF2,2026-03-25,10.0,10.05,9.95,9.95,-0.5,6100.0,11.45,8.76,,,,,,,
MABEL,2026-03-25,749.0,784.0,735.0,769.0,2.67,35225.0,927.0,317.7,,,,,,,
MAKAR,2026-03-25,546.0,550.0,538.0,544.8,-0.22,21838.0,802.0,515.0,,,,,,,
MAKAR,2026-02-09,556.0,560.0,552.0,558.5,0.45,7815.0,859.0,515.0,552.6297684470052,552.4072164531694,51.62220677151633,10214.866666666669,0.3002241507771941,0.10083773752458,True
MANDU,2026-03-25,851.0,865.0,848.0,850.0,-0.12,3127.0,970.0,766.5,,,,,,,
MATRI,2026-03-25,1005.0,1014.9,1001.1,1012.9,0.79,2063.0,1347.0,904.0,,,,,,,
MBJC,2026-03-25,321.5,325.9,315.0,318.0,-1.09,87125.0,371.0,270.0,,,,,,,
MBL,2026-03-25,269.2,284.0,265.4,267.0,-0.82,301037.0,284.0,205.0,,,,,,,
MBL,2026-01-07,222.5,226.0,222.5,223.6,0.49,53545.0,,,220.4185058783501,220.3229779868168,64.11959846580766,46218.0,0.3940112096219422,0.1361967681561054,True
MBLEF,2026-03-25,10.45,10.8,10.32,10.4,-0.48,5000.0,10.8,8.59,,,,,,,
MCHL,2026-03-25,428.0,428.0,416.6,420.0,-1.87,6294.0,641.0,392.0,,,,,,,
MDB,2026-03-25,670.0,670.0,651.0,655.9,-2.1,18072.0,729.7,530.5,,,,,,,
MDB,2026-01-07,600.0,607.9,598.0,605.0,0.83,26084.0,,,581.7578754750969,580.5789883158375,66.41649527979956,15138.833333333334,1.4740389395006332,0.5174968223048836,True
MEHL,2026-03-25,492.5,492.5,469.0,470.0,-4.57,62249.0,580.0,372.4,,,,,,,
MEHL,2026-01-25,441.0,460.0,441.0,455.0,3.17,41698.0,,,436.35978483284674,436.21495368850105,63.1579017815315,28405.380952380958,0.9894689572896708,0.3120488703654701,True
MEL,2026-03-25,310.5,310.5,298.1,298.6,-3.83,35732.0,350.0,255.0,,,,,,,
MEN,2026-03-25,630.0,630.6,616.0,624.0,-0.95,193506.0,683.4,535.0,,,,,,,
MEN,2025-06-12,607.6,629.0,607.6,617.56,1.63,450174.0,,,586.2183988262461,585.6262956635222,63.4384764441937,142264.16666666666,1.4574509786122465,0.4684105311275516,True
MERO,2026-03-25,815.0,815.0,785.0,790.1,-3.06,22893.0,1000.0,668.0,,,,,,,
MERO,2026-01-13,736.0,742.0,721.0,742.0,0.82,7790.0,,,731.6073901863874,731.1421276386047,53.95778427853293,10220.266666666666,-0.0059493607465356,-0.0108719391106433,True
MFIL,2026-03-25,887.0,938.0,857.0,865.0,-2.48,186554.0,938.0,545.0,,,,,,,
MFIL,2024-06-19,518.8,524.0,512.0,520.0,1.56,29790.0,,,511.0341303139672,510.5854822931264,65.90911516020675,32834.7,0.8948980082828484,0.3244458777376394,True
MFLD85,2026-03-25,1126.0,1126.0,1126.0,1126.0,0.0,25.0,1201.0,1051.8,,,,,,,
MHCL,2026-03-25,388.0,390.0,380.0,383.0,-1.29,22546.0,543.9,325.0,,,,,,,
MHCL,2026-01-26,406.0,406.0,394.1,398.9,-1.75,33189.0,655.0,363.0,388.09370720667255,387.6537015916434,59.91983477695562,11475.09090909091,0.5765643592439119,0.1892847769038212,True
MHL,2026-03-25,560.0,560.0,548.0,548.0,-2.14,28541.0,738.7,445.0,,,,,,,
MHNL,2026-03-25,315.0,316.0,305.3,311.9,-0.98,63426.0,324.0,226.0,,,,,,,
MHNL,2025-06-26,287.0,294.0,275.0,280.79,-1.11,140301.0,,,264.44381535074194,264.2890420075239,67.85899397187293,36531.3,0.7911531988051251,0.2382177185004366,True
MKCL,2026-03-25,1430.0,1458.0,1414.1,1423.0,-0.49,3809.0,1900.0,1333.0,,,,,,,
MKHC,2026-03-25,353.0,358.0,349.1,349.1,-1.1,45221.0,546.0,310.7,,,,,,,
MKHL,2026-03-25,785.0,817.0,780.0,798.0,1.66,11819.0,1027.0,652.0,,,,,,,
MKHL,2026-01-27,803.5,837.0,803.5,836.9,4.16,31068.0,1027.0,652.0,803.7274132942781,803.496592852045,63.104475349467,9597.478260869566,1.6756325171920252,0.533778399295852,True
MKJC,2026-03-25,552.0,552.0,535.0,537.9,-2.55,41412.0,635.0,475.5,,,,,,,
MKJC,2025-07-17,509.7,550.8,509.7,544.09,4.61,57235.0,,,521.7119368293779,521.1570449616792,56.42228077873154,30828.83333333333,0.206043987351245,0.0598893992168541,True
MLBBL,2026-03-25,1380.0,1389.7,1348.0,1365.0,-1.09,8676.0,1690.0,1285.0,,,,,,,
MLBL,2026-03-25,408.0,410.0,399.0,400.0,-1.96,87148.0,468.6,348.9,,,,,,,
MLBL,2025-07-15,395.8,399.9,390.0,397.07,1.46,35055.0,,,388.3535872966044,388.1738339828853,65.74377900755069,58377.53333333333,0.6954906844344123,0.2346156034412956,True
MLBS,2026-03-25,1515.0,1536.0,1509.2,1536.0,1.39,1450.0,1900.0,1395.0,,,,,,,
MLBSL,2026-03-25,1970.1,1985.0,1955.0,1976.0,0.3,1208.0,2435.5,1808.4,,,,,,,
MMF1,2026-03-25,10.0,10.0,9.62,9.83,-1.7,37750.0,10.09,8.22,,,,,,,
MMKJL,2026-03-25,572.0,579.9,568.5,568.5,-0.61,9399.0,732.9,528.2,,,,,,,
MNBBL,2026-03-25,404.0,409.0,401.0,401.0,-0.74,74481.0,503.0,340.1,,,,,,,
MND84/85,2026-03-25,1081.3,1100.0,1081.3,1100.0,1.73,150.0,1128.0,1031.1,,,,,,,
MNMF1,2026-03-25,10.1,10.15,9.92,10.0,-0.99,276804.0,10.15,8.53,,,,,,,
MPFL,2026-03-25,715.0,729.0,705.3,705.3,-1.36,59551.0,744.0,491.0,,,,,,,
MPFL,2025-12-18,573.3,595.0,573.3,588.9,0.67,68094.0,,,556.2450568519712,555.2927670082522,69.7916415002931,16841.166666666668,1.5728073815280823,0.5077109075315775,True
MSHL,2026-03-25,815.0,815.0,800.0,809.0,-0.74,831.0,979.0,782.0,,,,,,,
MSLB,2026-03-25,1449.5,1449.5,1385.0,1390.0,-4.1,5885.0,1710.0,1130.2,,,,,,,
NABBC,2026-03-25,1489.0,1599.3,1431.0,1460.0,-1.95,38792.0,1917.0,662.0,,,,,,,
NABBC,2025-08-03,1691.0,1820.0,1691.0,1722.86,3.86,22637.0,,,1639.738425912819,1635.3234134926147,52.02404319774446,27518.366666666665,2.9633824370813278,1.0446005968823102,True
NABIL,2026-03-25,544.0,548.0,538.0,539.0,-0.92,133329.0,562.0,471.0,,,,,,,
NABIL,2025-07-02,494.5,495.8,491.0,494.96,0.64,55089.0,,,490.24334932893015,490.1115390510634,66.15923112795417,51595.6,0.1322028085392617,0.0404678556173735,True
NABILD2089,2026-03-25,1050.0,1050.0,1050.0,1050.0,0.0,25.0,1125.0,1000.0,,,,,,,
NABILD87,2026-03-25,1142.0,1142.0,1142.0,1142.0,0.0,25.0,1200.0,1040.0,,,,,,,
NADEP,2026-03-25,833.2,844.0,815.6,831.6,-0.19,11307.0,1046.0,696.0,,,,,,,
NBF2,2026-03-25,10.15,10.55,10.05,10.05,-0.99,26020.0,11.1,8.89,,,,,,,
NBF3,2026-03-25,10.0,10.22,10.0,10.05,0.5,94757.0,10.67,8.35,,,,,,,
NBL,2026-03-25,283.9,284.0,277.0,278.9,-1.76,215500.0,313.0,225.4,,,,,,,
NBL,2025-07-01,254.0,260.0,251.5,259.18,2.04,136286.0,,,253.129338785022,252.81529571330591,66.25486364556897,77036.23333333334,0.1571308169438339,0.0578618446133873,True
NESDO,2026-03-25,1665.0,1665.0,1569.0,1600.0,-3.9,2503.0,1894.0,1380.1,,,,,,,
NFS,2026-03-25,671.7,673.0,660.0,661.0,-1.59,18479.0,851.0,576.0,,,,,,,
NFS,2022-08-02,333.2,352.0,314.1,343.1,0.94,216809.0,,,322.085275111432,321.6908807864307,66.79076692276736,28389.866666666665,2.951222554216588,1.0392315293192724,True
NGPL,2026-03-25,500.8,500.8,480.0,484.0,-3.35,1082912.0,502.0,254.8,,,,,,,
NGPL,2023-06-18,271.0,279.5,265.0,276.0,3.37,176677.0,,,256.9459064597112,256.74135399396647,59.11949685534592,72398.83333333333,1.201133079029546,0.3928028619867518,True
NHDL,2026-03-25,688.0,688.0,671.0,680.0,-1.16,9371.0,881.0,623.0,,,,,,,
NHDL,2025-11-30,701.0,718.0,700.7,710.0,-0.7,3086.0,,,689.7117705944306,688.4989235687752,64.53957423311674,4179.166666666667,1.802013526972405,0.6419197172034501,True
NHPC,2026-03-25,309.0,309.0,298.0,301.2,-2.52,691946.0,327.4,178.6,,,,,,,
NHPC,2020-02-02,52.0,54.0,52.0,54.0,1.89,26452.0,,,52.658636957153846,52.58021869368111,47.82608695652174,16513.4,0.0733048602356106,0.0278239737385348,True
NIBD84,2026-03-25,1054.0,1054.0,1054.0,1054.0,0.0,25.0,1130.0,1013.1,,,,,,,
NIBLGF,2026-03-25,9.85,10.0,9.66,10.0,1.52,26500.0,11.03,7.84,,,,,,,
NIBLSTF,2026-03-25,9.52,9.87,9.4,9.87,3.68,43890.0,10.08,7.85,,,,,,,
NIBLSTF,2026-02-02,8.9,9.24,8.73,9.06,1.8,191671.0,10.08,7.85,8.987766306114883,8.984877970875532,53.92160620972017,235385.66666666663,0.001553352775711,0.0009756857278407,True
NIBSF2,2026-03-25,9.65,9.8,9.65,9.8,1.55,11967.0,10.52,8.06,,,,,,,
NICA,2026-03-25,387.0,404.9,387.0,398.0,2.84,498555.0,428.4,304.5,,,,,,,
NICAD2091,2026-03-25,1051.1,1051.1,1051.1,1051.1,0.0,25.0,1102.6,1005.2,,,,,,,
NICBF,2026-03-25,10.28,10.45,9.5,10.45,1.65,2900.0,11.17,8.48,,,,,,,
NICFC,2026-03-25,9.53,9.7,9.53,9.7,1.78,4590.0,10.4,8.37,,,,,,,
NICGF2,2026-03-25,9.51,9.8,9.51,9.8,3.05,166673.0,9.98,8.33,,,,,,,
NICL,2026-03-25,542.0,552.8,538.0,540.0,-0.37,43009.0,858.9,483.0,,,,,,,
NICL,2026-01-20,512.9,517.0,510.0,515.0,0.41,18705.0,,,504.66939254332055,504.54258592630873,58.45896918030373,13526.555555555557,0.2457514663732581,0.0701713917871416,True
NICLBSL,2026-03-25,661.0,669.0,646.0,646.0,-2.27,37207.0,764.0,535.0,,,,,,,
NICSF,2026-03-25,9.6,9.6,9.32,9.52,-0.83,16494.0,9.99,8.04,,,,,,,
NIFRA,2026-03-25,294.0,297.0,289.0,289.0,-1.7,520333.0,328.1,249.9,,,,,,,
NIFRA,2025-11-25,286.0,288.6,280.0,288.6,1.26,319730.0,,,273.77355362226655,273.67828292812914,66.52891728227232,166732.1,0.9203848482222498,0.2977472314403485,True
NIFRAGED,2026-03-25,1035.0,1035.1,1032.5,1035.1,0.01,114.0,1137.2,948.0,,,,,,,
NIL,2026-03-25,677.0,682.0,665.0,672.8,-0.62,21998.0,783.9,562.0,,,,,,,
NIL,2026-01-04,618.5,622.9,613.0,619.0,0.08,4776.0,,,614.8757796845741,614.6566856793222,55.03681598008489,7737.777777777777,0.5797891992599261,0.2044114302357911,True
NIMB,2026-03-25,232.5,232.5,221.4,223.8,-3.74,474499.0,247.0,184.2,,,,,,,
NIMB,2025-12-29,196.0,196.0,192.0,192.0,-2.04,75621.0,,,190.2462952568405,190.19959696670284,60.714292201859024,86273.5,0.0092596617196704,-7.999630786912349e-05,True
NIMBPO,2026-03-25,169.0,170.0,167.0,170.0,0.59,121958.0,184.5,150.0,,,,,,,
NLG,2026-03-25,701.0,701.0,688.1,688.5,-1.78,50734.0,976.2,655.0,,,,,,,
NLG,2026-02-08,720.0,720.0,700.0,706.0,-1.94,45113.0,1195.0,660.0,686.5538878192197,685.4119694586016,57.41350757006724,33615.6,0.5062923705669391,0.1622629014507538,True
NLIC,2026-03-25,835.0,835.0,821.0,825.0,-1.2,65754.0,890.0,702.0,,,,,,,
NLIC,2025-07-13,790.0,806.0,775.0,777.22,0.29,55842.0,,,758.3821567170752,757.3566304762754,69.26493513408514,51992.43333333333,1.6317513074861154,0.5869295372854595,True
NLICL,2026-03-25,636.0,636.0,600.0,618.0,-2.83,102641.0,691.0,539.0,,,,,,,
NLICL,2025-11-23,610.0,618.0,600.0,618.0,3.17,87785.0,,,603.6206926436982,603.3728393467622,44.69214850062266,19352.43333333333,0.269706821699674,0.0878062256732619,True
NMB,2026-03-25,264.0,272.0,262.2,265.7,0.64,142378.0,283.0,231.0,,,,,,,
NMB,2025-02-24,245.4,259.0,245.4,251.0,0.24,142318.0,,,245.7068454633567,245.62239724715172,62.39670359464554,62447.66666666666,0.7042886210345841,0.2447278683088711,True
NMB50,2026-03-25,10.31,10.69,10.3,10.65,3.3,34889.0,11.93,9.75,,,,,,,
NMBHF2,2026-03-25,9.81,10.19,9.81,9.92,1.12,14795.0,10.2,8.16,,,,,,,
NMBHF2,2026-01-29,9.52,9.79,9.5,9.6,0.84,15424.0,10.0,8.16,9.421145843396207,9.41382981404296,51.99999427796501,16473.84,0.0169841597720989,0.006063258894316,True
NMBMF,2026-03-25,712.0,719.9,700.0,706.3,-0.8,6457.0,835.0,596.0,,,,,,,
NMFBS,2026-03-25,1200.0,1208.8,1195.0,1199.0,-0.08,5247.0,1504.0,1086.0,,,,,,,
NMIC,2026-03-25,1348.2,1364.0,1339.0,1348.0,-0.01,7275.0,2703.3,302.3,,,,,,,
NMLBBL,2026-03-25,680.0,680.0,660.0,665.0,-2.21,18911.0,807.0,600.0,,,,,,,
NRIC,2026-03-25,1300.0,1300.0,1265.0,1267.8,-2.48,55588.0,1842.0,1146.0,,,,,,,
NRM,2026-03-25,455.6,459.8,448.6,451.0,-1.01,18221.0,590.0,390.1,,,,,,,
NRM,2026-01-05,413.1,440.0,413.1,435.0,5.3,85320.0,,,420.82819785345697,420.76098939875646,63.128501779624365,24683.3,0.0323786562593568,-0.0039093664923598,True
NRN,2026-03-25,1611.0,1644.0,1604.0,1609.0,-0.12,236336.0,2444.0,1327.0,,,,,,,
NRN,2023-06-06,460.0,479.0,455.5,477.0,3.47,8062.0,,,457.453290955012,456.5838065126685,64.41336883521714,5949.533333333334,0.601825668478557,0.2089544152745134,True
NSIF2,2026-03-25,10.93,11.2,10.93,10.98,0.46,324691.0,11.93,9.75,,,,,,,
NSY,2026-03-25,9.8,9.85,9.61,9.71,-0.92,18980.0,10.19,9.35,,,,,,,
NTC,2026-03-25,932.0,932.0,895.0,895.0,-3.97,16089.0,942.5,762.5,,,,,,,
NUBL,2026-03-25,740.0,750.0,703.5,728.0,-1.62,41076.0,854.4,650.0,,,,,,,
NWCL,2026-03-25,915.0,918.4,897.0,908.0,-0.77,6003.0,1045.0,740.2,,,,,,,
NWCL,2025-12-29,781.0,801.7,781.0,795.0,1.79,2195.0,,,785.0631480465347,784.9563851719363,61.11111111111111,2399.0,0.0126296093069413,-0.0087229656127419,True
NYADI,2026-03-25,450.0,454.9,437.3,441.0,-2.0,21656.0,663.9,354.0,,,,,,,
NYADI,2026-01-25,407.0,425.0,403.0,424.9,4.4,32395.0,,,397.3750711814535,396.4595602764532,58.6288445923108,15132.666666666666,1.3245947598321322,0.4654366063734301,True
OHL,2026-03-25,765.0,770.0,751.0,751.0,-1.83,6657.0,1049.5,633.1,,,,,,,
OHL,2026-02-04,740.0,744.0,712.0,732.5,-1.01,7773.0,1100.0,633.1,716.5139208149667,716.3655065069908,63.37625584810896,6311.4,0.4602438904999417,0.1339044704549906,True
OMPL,2026-03-25,1322.0,1366.7,1322.0,1366.6,3.37,11222.0,2167.2,270.0,,,,,,,
PBD84,2026-03-25,1145.0,1145.0,1145.0,1145.0,0.0,100.0,1182.0,1063.5,,,,,,,
PBD88,2026-03-25,1176.1,1199.6,1176.1,1199.6,2.0,50.0,1274.0,1099.7,,,,,,,
PCBL,2026-03-25,262.0,275.9,261.0,264.0,0.76,134630.0,290.0,226.0,,,,,,,
PCBL,2025-12-17,253.0,253.2,248.3,252.0,0.8,75655.0,,,247.61776729589084,247.55375490069665,46.93876809582112,55906.43333333333,0.1391018619512238,0.0394866005997357,True
PFL,2026-03-25,441.0,441.0,426.0,429.0,-2.72,29825.0,475.5,352.8,,,,,,,
PFL,2026-02-01,383.0,392.6,380.5,385.0,0.52,79808.0,520.0,352.8,376.1868764310474,376.0703830469228,59.74659101319573,19100.366666666665,0.7860996935197704,0.2849137987833046,True
PHCL,2026-03-25,355.0,355.0,341.2,343.0,-3.38,228003.0,649.0,249.7,,,,,,,
PMHPL,2026-03-25,382.2,428.0,382.2,428.0,11.98,74136.0,468.0,278.0,,,,,,,
PMHPL,2023-01-03,214.0,222.0,212.1,218.5,0.74,37836.0,,,199.82937007651356,199.2751823618809,68.50507326873708,12053.066666666668,1.4939909961794116,0.5078067892715638,True
PMLI,2026-03-25,520.0,520.0,510.0,510.0,-1.92,15854.0,589.6,445.0,,,,,,,
PMLIP,2026-03-25,270.0,270.0,270.0,270.0,0.0,10320.0,309.0,270.0,,,,,,,
PPCL,2026-03-25,450.0,450.0,432.6,435.6,-3.2,107238.0,462.0,284.1,,,,,,,
PPCL,2025-11-26,340.0,344.0,334.3,343.0,0.97,34554.0,,,327.8897685558169,327.1440663218006,61.39131570106345,24480.3,1.532308625671544,0.5463505162338607,True
PPL,2026-03-25,400.0,404.9,392.0,392.0,-2.0,81929.0,547.7,263.2,,,,,,,
PRIN,2026-03-25,780.0,780.0,760.0,762.6,-2.23,17512.0,960.3,630.0,,,,,,,
PRIN,2025-12-29,689.0,690.0,675.0,679.8,-1.34,18009.0,,,664.4990642050172,664.0351555899902,67.87328442236868,11400.666666666666,0.0998128410034496,0.0070311179980308,True
PROFL,2026-03-25,501.1,508.0,493.0,496.0,-1.02,35963.0,589.2,421.4,,,,,,,
PROFL,2023-06-18,307.0,330.3,307.0,324.0,3.85,16959.0,,,305.27358644387107,304.7617691554316,65.0777281379433,8143.266666666666,1.724302174596619,0.6065426155650357,True
PRSF,2026-03-25,11.75,12.06,11.75,12.06,2.64,700582.0,12.2,9.85,,,,,,,
PRVU,2026-03-25,224.6,231.5,222.9,223.1,-0.67,392802.0,250.9,179.9,,,,,,,
PRVU,2023-12-13,168.3,170.0,164.8,166.0,0.61,111895.0,,,159.86115510331777,159.62216200594844,65.56291323806857,60990.86666666667,0.6208310063446334,0.2150273929361389,True
PSF,2026-03-25,11.75,11.95,11.75,11.86,0.94,16250.0,12.11,9.86,,,,,,,
PURE,2026-03-25,992.6,1040.0,992.6,1014.0,2.16,33475.0,1327.9,289.3,,,,,,,
RADHI,2026-03-25,908.0,922.0,894.0,899.9,-0.89,369645.0,940.0,375.1,,,,,,,
RADHI,2026-01-06,751.0,771.0,750.5,764.7,1.82,231496.0,,,741.3501666736832,740.5798425590774,65.7989935156209,116903.33333333331,1.115952103405857,0.3978510169123638,True
RAWA,2026-03-25,710.2,718.9,710.2,718.8,1.21,2392.0,913.8,686.0,,,,,,,
RAWA,2026-01-18,710.0,730.0,710.0,730.0,2.82,1943.0,,,714.3857825195396,713.7499645330705,61.53846153846153,1899.4117647058824,0.5393275903269114,0.1802556884831347,True
RBBD2088,2026-03-25,1043.8,1070.0,1043.7,1070.0,2.51,125.0,1100.0,967.6,,,,,,,
RBBD2088,2026-01-05,1083.0,1100.0,1077.0,1085.0,0.18,125.0,,,1080.3526813921874,1080.1317297477117,66.89183616238597,103.57142857142856,0.0705362784374756,0.0263459495422921,True
RBBD83,2026-03-25,1035.2,1035.2,1035.2,1035.2,0.0,25.0,1100.0,1025.7,,,,,,,
RBBF40,2026-03-25,9.9,10.0,9.56,9.65,-2.53,3920.0,10.2,8.98,,,,,,,
RBBF40,2026-02-10,9.69,9.9,9.31,9.88,1.96,39866.0,10.11,8.98,9.459063656689732,9.433010370270262,61.69492128147933,27004.647058823528,0.0196599118608695,0.0076224581109869,True
RBCL,2026-03-25,16240.0,16240.0,15700.0,15700.0,-3.33,323.0,16900.0,14251.0,,,,,,,
RBCLPO,2026-03-25,13000.0,13000.0,12751.0,12751.0,-1.92,40.0,13530.0,11025.0,,,,,,,
RFPL,2026-03-25,435.0,441.9,421.0,424.0,-2.53,235073.0,785.0,306.0,,,,,,,
RHGCL,2026-03-25,326.1,336.6,322.0,323.0,-0.95,137547.0,601.0,217.2,,,,,,,
RHPL,2026-03-25,322.9,322.9,312.1,312.2,-3.31,113416.0,457.0,252.3,,,,,,,
RHPL,2026-01-26,293.7,294.0,283.6,289.9,-1.29,74347.0,487.3,252.3,277.90103686261347,277.45918256359624,60.82224779909908,32327.366666666665,0.831873610372179,0.2829048894976494,True
RIDI,2026-03-25,355.0,367.0,352.5,356.9,0.54,732605.0,380.1,203.5,,,,,,,
RIDI,2026-01-18,220.8,224.5,219.2,224.4,1.63,111924.0,,,221.2429443142429,221.10328758263503,60.59323129761911,47616.94117647059,0.0359072961229173,0.0141159264695374,True
RLFL,2026-03-25,514.9,514.9,490.0,493.0,-4.25,59939.0,576.0,398.0,,,,,,,
RLFL,2025-07-20,514.0,520.0,503.0,504.83,-1.59,66692.0,,,491.3988898822012,491.3468318363032,68.16729217765763,27169.43333333333,1.740013448156469,0.5806273544439364,True
RMF1,2026-03-25,10.17,10.17,9.87,10.0,-1.67,52835.0,11.4,8.45,,,,,,,
RMF2,2026-03-25,10.19,10.52,10.19,10.4,2.06,6300.0,10.58,8.78,,,,,,,
RNLI,2026-03-25,500.0,501.0,490.3,495.0,-1.0,63246.0,561.0,416.0,,,,,,,
RSDC,2026-03-25,735.0,735.0,696.8,726.0,-1.22,75711.0,880.0,578.7,,,,,,,
RSML,2026-03-25,1697.0,1830.1,1697.0,1830.1,7.84,1020.0,1830.1,300.0,,,,,,,
RSY,2026-03-25,10.35,10.55,10.3,10.33,-0.19,111520.0,10.7,8.58,,,,,,,
RURU,2026-03-25,705.8,708.8,686.0,687.0,-2.66,25491.0,853.0,640.0,,,,,,,
RURU,2025-07-17,739.0,750.0,736.9,742.31,1.83,34412.0,,,718.1882990434179,716.9839922094164,65.06293640727264,20261.366666666665,0.9465373077665844,0.3399245660888709,True
SABBL,2026-03-25,1885.0,2000.0,1715.0,1719.0,-8.81,152335.0,2000.0,300.0,,,,,,,
SADBL,2026-03-25,450.0,456.9,443.1,445.0,-1.11,128575.0,526.5,376.0,,,,,,,
SADBL,2025-05-22,443.9,445.0,426.0,427.74,-1.73,167041.0,,,407.4322320860943,406.5154532855879,67.934881971841,64042.23333333333,1.3493676863023438,0.4508620514745416,True
SAGAR,2026-03-25,2004.0,2099.0,1983.2,2043.0,1.95,48300.0,2439.0,319.5,,,,,,,
SAGF,2026-03-25,10.05,10.16,9.87,10.16,1.09,1800.0,11.31,8.79,,,,,,,
SAHAS,2026-03-25,630.0,641.2,622.1,635.1,0.81,316085.0,705.0,483.3,,,,,,,
SAHAS,2024-07-16,521.0,539.0,515.0,538.8,3.82,37286.0,,,519.6709853164322,519.2252268641128,69.3396321477052,17276.866666666665,0.7496863599457356,0.2548351478578297,True
SAIL,2026-03-25,1333.0,1376.5,1318.0,1360.0,2.03,94038.0,1690.0,301.7,,,,,,,
SALICO,2026-03-25,640.0,652.9,635.1,640.0,0.0,19246.0,765.9,570.1,,,,,,,
SALICO,2026-01-21,616.9,616.9,602.0,608.9,-1.3,5373.0,,,603.0153479767154,602.7656079511688,51.515169214175714,6136.105263157895,0.0052923603842828,0.0016429862940412,True
SAND2085,2026-03-25,1130.0,1130.0,1130.0,1130.0,0.0,25.0,1189.0,1075.0,,,,,,,
SANIMA,2026-03-25,372.0,372.0,365.1,367.0,-1.34,170618.0,391.0,295.0,,,,,,,
SANIMA,2024-01-16,256.0,265.5,256.0,265.5,2.91,87906.0,,,253.9019634429012,253.57797042125765,49.776772181604045,41737.833333333336,0.4804434701430011,0.1595390440699532,True
SANVI,2026-03-25,817.0,846.0,810.0,839.9,2.8,57436.0,1060.0,359.0,,,,,,,
SAPDBL,2026-03-25,917.0,983.2,912.0,933.3,1.78,74673.0,1284.0,686.0,,,,,,,
SAPDBL,2026-01-04,872.2,872.2,850.0,861.9,-1.18,57603.0,,,829.3758985069126,828.7025517699852,60.69020817808226,46943.13333333333,3.387857915082145,1.1068048242966595,True
SARBTM,2026-03-25,934.0,934.0,900.2,906.9,-2.9,23105.0,1048.0,765.0,,,,,,,
SARBTM,2026-01-25,885.0,904.0,884.0,904.0,2.15,64106.0,,,884.629587922422,883.972676072483,52.17391112050718,28626.33333333333,0.5055482027442849,0.1830356396367506,True
SBCF,2026-03-25,10.16,10.16,9.85,10.15,-0.1,22550.0,12.03,8.7,,,,,,,
SBD87,2026-03-25,1095.0,1095.0,1095.0,1095.0,0.0,25.0,1139.0,1019.5,,,,,,,
SBI,2026-03-25,436.6,436.6,420.0,427.9,-1.99,131450.0,452.0,363.0,,,,,,,
SBI,2025-11-30,413.9,413.9,397.5,405.0,-0.44,25352.0,,,396.572215759066,396.1139405207683,67.2810962695446,27526.83333333333,0.6888169622247233,0.2415432363495256,True
SBID2090,2026-03-25,1068.2,1068.2,1068.0,1068.0,-0.02,105.0,1107.0,1000.0,,,,,,,
SBID83,2026-03-25,1070.0,1075.0,1070.0,1075.0,0.47,275.0,1226.0,1025.0,,,,,,,
SBL,2026-03-25,424.0,424.0,411.0,412.0,-2.83,200810.0,424.0,261.0,,,,,,,
SBL,2022-12-27,328.4,341.5,326.0,339.0,5.28,188077.0,,,316.5395721517536,315.27334112972846,64.86989184976272,25966.43333333333,0.3257134987371273,0.125138565853922,True
SBLD2091,2026-03-25,1078.0,1078.0,1062.1,1062.1,-1.47,50.0,1150.0,109.0,,,,,,,
SBLD2091,2026-01-08,1084.0,1105.0,1084.0,1105.0,1.94,150.0,,,1102.423053384784,1102.3028622848058,51.30890219662932,254.33333333333331,0.1152297813073346,0.070055864151891,True
SBLD84,2026-03-25,1045.7,1045.7,1045.7,1050.0,0.41,5.0,1115.0,1031.3,,,,,,,
SCB,2026-03-25,693.6,693.6,676.0,678.9,-2.12,26166.0,712.6,594.9,,,,,,,
SCB,2026-02-05,628.1,640.0,628.1,639.9,1.88,27507.0,701.0,594.9,633.6087683999195,633.4820227535668,58.65580878459178,22776.4,0.0143799170820557,0.001356072037629,True
SDBD87,2026-03-25,1140.0,1140.0,1140.0,1140.0,0.0,25.0,1196.2,1045.7,,,,,,,
SEF,2026-03-25,10.29,10.3,10.11,10.12,-1.65,13300.0,11.53,8.6,,,,,,,
SFCL,2026-03-25,439.0,442.0,428.0,429.0,-2.28,25031.0,587.0,359.4,,,,,,,
SFCL,2023-06-13,288.0,303.9,288.0,298.9,2.01,26358.0,,,278.61778491158253,278.6143584229303,60.96095857582184,11754.0,1.5124557381145678,0.4862598613158297,True
SFEF,2026-03-25,10.3,10.45,10.3,10.36,0.58,2350.0,11.12,8.82,,,,,,,
SFMF,2026-03-25,10.39,10.4,10.39,10.4,0.1,1500.0,11.74,9.4,,,,,,,
SGHC,2026-03-25,445.0,462.0,440.0,445.0,0.0,174284.0,564.0,296.0,,,,,,,
SGIC,2026-03-25,530.3,530.3,520.0,527.0,-0.62,33439.0,632.0,439.0,,,,,,,
SHEL,2026-03-25,355.9,361.0,345.1,347.0,-2.5,591764.0,361.0,243.0,,,,,,,
SHEL,2023-06-14,324.2,324.2,310.1,323.0,1.6,10884.0,,,303.49995573192086,303.28159754351805,64.38747058010341,3684.933333333333,1.4607238787248775,0.4867902170797947,True
SHINE,2026-03-25,447.0,447.0,438.0,438.4,-1.92,96275.0,499.0,382.0,,,,,,,
SHINED,2026-03-25,1122.2,1122.2,1122.2,1122.2,0.0,60.0,1200.0,1000.0,,,,,,,
SHIVM,2026-03-25,710.0,713.0,695.9,698.0,-1.69,681616.0,730.0,495.0,,,,,,,
SHL,2026-03-25,525.0,527.0,514.5,518.0,-1.33,73932.0,619.0,464.0,,,,,,,
SHL,2025-04-22,508.9,513.0,498.0,508.23,1.41,107177.0,,,495.63788744402666,495.5526889188418,63.558166433311015,45022.6,1.2332143357729592,0.4249517372477612,True
SHLB,2026-03-25,1700.0,1715.0,1700.0,1709.0,0.53,1170.0,2349.0,1535.1,,,,,,,
SHLB,2026-01-29,1670.1,1679.9,1645.1,1678.0,0.47,880.0,2907.0,1540.2,1652.6467369336722,1651.4389968208234,66.01067117487975,1099.56,3.951028116047792,1.4052970050669955,True
SHPC,2026-03-25,573.0,575.0,563.7,566.0,-1.22,114294.0,684.9,448.0,,,,,,,
SHPC,2026-01-07,535.0,535.0,528.0,529.0,-1.12,59078.0,,,525.6541520300947,525.6132356503351,49.48098931989009,84396.63333333333,0.2188638036931024,0.0674408884900685,True
SICL,2026-03-25,690.0,690.0,672.0,676.5,-1.96,34759.0,876.9,588.8,,,,,,,
SIFC,2026-03-25,610.0,621.0,602.0,603.4,-1.08,18745.0,687.4,459.0,,,,,,,
SIFC,2026-01-14,501.0,514.0,496.1,511.0,2.0,32198.0,,,501.95257404353606,501.42836953847547,57.53920163977636,14161.633333333331,0.208907077854792,0.0950445881449127,True
SIGS2,2026-03-25,10.23,10.25,10.1,10.1,-1.27,5003.0,11.7,8.9,,,,,,,
SIGS3,2026-03-25,10.5,10.81,10.5,10.7,1.9,14500.0,11.46,8.5,,,,,,,
SIKLES,2026-03-25,642.0,647.0,629.0,631.0,-1.71,68555.0,1180.0,540.0,,,,,,,
SINDU,2026-03-25,901.6,901.6,846.0,863.9,-4.18,129671.0,1247.0,608.0,,,,,,,
SINDU,2023-12-12,266.2,280.0,259.0,267.0,2.3,7605.0,,,251.89992478988063,251.3594678556527,68.0327868852459,2351.4,1.002023471576365,0.3460612783575982,True
SJCL,2026-03-25,360.9,360.9,343.0,345.9,-4.16,78662.0,365.0,267.0,,,,,,,
SJCL,2026-01-26,295.0,302.8,294.1,296.5,0.51,24357.0,380.0,267.0,289.15240781049823,289.0322834919655,64.02264697059161,11611.266666666666,0.7120078739543032,0.2371574665908383,True
SJLIC,2026-03-25,477.3,477.3,460.2,460.6,-3.5,30610.0,489.9,390.0,,,,,,,
SKBBL,2026-03-25,810.0,817.0,801.1,802.0,-0.99,27880.0,999.0,752.0,,,,,,,
SKHL,2026-03-25,300.0,330.0,300.0,330.0,10.0,90.0,330.0,300.0,,,,,,,
SLBBL,2026-03-25,890.0,895.0,868.0,872.0,-2.02,11617.0,1155.0,780.0,,,,,,,
SLBSL,2026-03-25,1409.0,1409.0,1381.1,1400.0,-0.64,6062.0,2111.0,1234.5,,,,,,,
SLCF,2026-03-25,9.9,10.15,9.87,9.9,0.0,22300.0,11.99,8.6,,,,,,,
SMATA,2026-03-25,896.0,896.0,849.7,866.5,-3.29,22859.0,1382.0,734.1,,,,,,,
SMB,2026-03-25,1964.0,1964.0,1925.0,1930.0,-1.73,1329.0,2607.0,1710.1,,,,,,,
SMFBS,2026-03-25,1706.0,1714.1,1706.0,1711.2,0.3,667.0,2026.0,1490.0,,,,,,,
SMFBS,2026-01-21,1750.0,1750.0,1716.0,1740.0,-0.57,393.0,,,1696.564752354993,1696.0619505779043,51.12552992653748,1267.7368421052631,2.770457811554979,0.7972567630010872,True
SMH,2026-03-25,646.0,654.6,639.2,640.3,-0.88,60014.0,1024.8,603.0,,,,,,,
SMHL,2026-03-25,550.0,575.0,505.0,556.2,1.13,866401.0,1230.0,443.0,,,,,,,
SMJC,2026-03-25,510.0,511.0,501.0,505.0,-0.98,39697.0,679.3,464.0,,,,,,,
SMJC,2026-01-25,504.0,505.8,490.3,504.0,0.0,22128.0,,,494.4260354143525,494.2120224938942,58.37652706578835,11142.142857142857,0.5261235678904654,0.1762439785178571,True
SMPDA,2026-03-25,921.1,925.6,902.6,905.0,-1.75,16471.0,1155.0,840.0,,,,,,,
SMPDA,2026-01-26,906.1,922.0,901.0,922.0,1.75,13169.0,1155.0,840.0,890.4836470295257,890.4655367493525,66.10169491525424,5766.5,1.704214783096336,0.5477092762817393,True
SNLI,2026-03-25,502.0,502.0,492.4,495.0,-1.39,34540.0,668.0,411.6,,,,,,,
SOHL,2026-03-25,596.1,642.9,596.1,642.9,7.85,22360.0,642.9,300.0,,,,,,,
SONA,2026-03-25,498.0,498.0,481.0,482.0,-3.21,145267.0,523.3,398.0,,,,,,,
SPC,2026-03-25,530.0,530.0,515.1,515.1,-2.81,9333.0,591.0,441.0,,,,,,,
SPC,2021-12-27,460.0,500.0,437.0,497.0,5.92,6118.0,,,440.8204592491761,438.7741452662791,59.790209790209786,4912.692307692308,2.514415601498968,0.8642200834629193,True
SPDL,2026-03-25,464.0,468.0,446.0,450.0,-3.02,313809.0,474.0,308.9,,,,,,,
SPHL,2026-03-25,575.0,581.9,566.4,566.4,-1.5,8538.0,826.0,477.1,,,,,,,
SPIL,2026-03-25,745.0,763.9,735.0,750.0,0.67,28231.0,894.5,625.0,,,,,,,
SPL,2026-03-25,753.0,765.0,745.9,760.9,1.05,22959.0,1035.0,696.3,,,,,,,
SRLI,2026-03-25,422.5,429.7,417.0,418.0,-1.07,51414.0,451.1,363.9,,,,,,,
SRLI,2026-01-18,404.0,404.0,398.0,400.5,-0.87,19709.0,,,396.0757299706096,395.8837402152149,53.60230420825821,30363.058823529413,0.3267912591196363,0.1112082656013399,True
SSHL,2026-03-25,235.1,244.8,235.1,237.1,0.85,652839.0,313.8,151.0,,,,,,,
SSHL,2025-06-23,235.1,246.6,233.4,244.99,3.75,452824.0,,,234.23845130467285,233.8164794342604,65.93045495374653,112846.66666666669,0.606127937739609,0.2091301833532156,True
STC,2026-03-25,6040.0,6100.0,6035.0,6100.0,0.99,3759.0,6335.9,4832.0,,,,,,,
SWASTIK,2026-03-25,2908.0,2929.0,2850.0,2885.0,-0.79,1591.0,3400.0,391.7,,,,,,,
SWASTIK,2026-01-20,2988.6,3039.8,2968.0,3005.0,0.55,6691.0,,,2896.173112025168,2890.9963224341864,60.6122791272492,9645.277777777776,2.711367802120094,0.9958111988416932,True
SWBBL,2026-03-25,805.0,805.0,790.0,790.0,-1.86,10844.0,1046.5,718.0,,,,,,,
SWMF,2026-03-25,736.0,736.0,712.0,719.0,-2.31,15018.0,868.1,641.1,,,,,,,
SWMF,2025-12-31,668.3,684.0,668.3,684.0,2.35,1831.0,,,674.794535599858,674.4895986506805,67.9245283018868,3256.285714285714,0.2208118818763523,0.064586396802747,True
SYPNL,2026-03-25,1838.0,2031.0,1838.0,1940.0,5.55,231213.0,2255.9,319.8,,,,,,,
TAMOR,2026-03-25,450.0,466.0,450.0,465.0,3.33,310103.0,576.0,396.4,,,,,,,
TAMOR,2026-01-26,461.0,475.0,452.3,463.8,0.61,85376.0,637.0,437.0,452.46761735720105,452.1474371487853,62.53163784365111,18549.636363636364,0.6204356420837712,0.2100595259811712,True
TPC,2026-03-25,425.0,425.0,410.0,410.0,-3.53,137148.0,616.0,270.1,,,,,,,
TRH,2026-03-25,792.0,811.0,790.3,792.0,0.0,7413.0,1105.0,681.1,,,,,,,
TRH,2026-02-03,754.0,784.0,742.1,764.0,1.33,10012.0,1190.0,681.1,742.173952531919,741.2126237254615,64.75958173656298,3640.1,1.2781989556043527,0.4727017484792668,True
TSHL,2026-03-25,759.0,759.0,738.0,738.0,-2.77,8160.0,989.0,616.8,,,,,,,
TSHL,2026-01-06,702.2,785.2,702.2,782.0,11.36,47149.0,,,716.6377437814605,714.5791963779932,68.14734801219116,10025.545454545454,2.2318976448235164,0.7844929649484357,True
TTL,2026-03-25,930.0,973.0,925.0,954.0,2.58,71281.0,1262.8,366.1,,,,,,,
TTL,2025-12-31,750.0,784.0,749.0,777.0,3.6,58453.0,,,748.0520210979932,747.6939474212882,67.34450267284416,38504.71428571428,0.4104042195986494,0.1034953666105593,True
TVCL,2026-03-25,610.0,626.0,610.0,621.9,1.95,39353.0,689.0,377.6,,,,,,,
UAIL,2026-03-25,519.1,519.1,492.1,498.9,-3.89,24332.0,670.0,422.1,,,,,,,
UHEWA,2026-03-25,637.0,637.0,620.1,621.0,-2.51,16123.0,779.9,508.5,,,,,,,
ULBSL,2026-03-25,3242.0,3245.0,3200.0,3239.9,-0.06,1271.0,4325.0,2931.0,,,,,,,
ULBSL,2025-12-31,3390.0,3500.0,3390.0,3475.9,2.53,254.0,,,3451.8929625618025,3450.674035666512,64.73261155766892,409.57142857142856,0.5690687028366483,0.2132385058512227,True
ULHC,2026-03-25,559.0,559.0,546.0,547.0,-2.15,40535.0,599.0,411.7,,,,,,,
ULHC,2026-01-25,457.0,474.9,457.0,472.0,3.28,19758.0,,,460.06091973321895,459.7981855882292,54.71428801867326,12402.57142857143,0.225847491394893,0.060035319718213,True
UMHL,2026-03-25,642.8,642.8,630.0,631.0,-1.84,74561.0,706.0,430.5,,,,,,,
UMHL,2020-01-13,108.0,112.0,104.0,108.0,1.89,7268.0,,,103.67574391019149,103.644059602409,50.0,3398.5333333333333,0.0402346142803111,0.0048258193277661,True
UMRH,2026-03-25,580.0,584.0,576.2,577.3,-0.47,22452.0,675.0,526.0,,,,,,,
UMRH,2026-01-25,578.0,596.0,578.0,584.0,1.04,55072.0,,,563.3271854417378,563.2575942907629,64.10658577115257,28829.43333333333,0.8943333974380039,0.2679261159604266,True
UNHPL,2026-03-25,533.9,556.9,533.9,556.9,4.31,515499.0,556.9,290.0,,,,,,,
UNHPL,2023-12-14,182.0,188.0,180.3,186.4,2.98,28476.0,,,171.79978419281534,171.00194154644473,64.29906216862027,9803.7,1.3261051087278246,0.4786858685463642,True
UNL,2026-03-25,46998.0,46999.0,46490.0,46490.0,-1.08,32.0,50724.0,45000.0,,,,,,,
UNL,2026-01-25,47500.0,47501.0,47500.0,47500.0,0.0,76.0,,,46999.17868887028,46993.69399515917,60.56904054322416,44.94736842105263,2.4220072734722637,0.105920256684476,True
UNLB,2026-03-25,1950.0,1950.0,1917.0,1925.0,-1.28,1294.0,2480.0,1810.0,,,,,,,
UNLB,2026-01-26,1950.0,1977.0,1920.0,1959.0,0.46,626.0,2888.6,1818.4,1908.505991904139,1906.545348869536,62.10235335731405,692.3636363636364,3.5240983691940526,1.2251267248505429,True
UPCL,2026-03-25,405.8,422.2,405.8,410.0,1.03,393992.0,489.0,278.0,,,,,,,
UPCL,2020-02-03,73.0,79.0,73.0,79.0,6.76,17399.0,,,74.73977202010948,74.66266340562522,58.064516129032256,7457.166666666667,0.0142329617773697,0.0015454866651452,True
UPPER,2026-03-25,237.0,238.0,229.0,230.0,-2.95,664956.0,242.6,166.0,,,,,,,
UPPER,2023-06-15,465.0,480.0,463.0,472.5,2.07,126822.0,,,444.32715013811344,442.69078122159726,58.4320865731017,54057.93333333333,2.0086489703331494,0.7281939962863475,True
USHEC,2026-03-25,517.1,524.0,512.0,513.0,-0.79,53297.0,623.9,410.0,,,,,,,
USHEC,2026-01-22,462.2,478.0,462.2,471.0,1.9,27819.0,,,463.8963151371221,463.55552360015406,59.51087272009567,18891.55,0.4213607553405268,0.1445359892303145,True
USHL,2026-03-25,710.5,730.0,710.5,728.9,2.59,5628.0,945.0,588.0,,,,,,,
USLB,2026-03-25,1542.5,1543.0,1500.0,1510.0,-2.11,3281.0,2750.0,1393.0,,,,,,,
USLB,2026-01-20,1586.5,1649.9,1582.0,1585.0,-0.09,20842.0,,,1484.6676769350674,1484.6510343057964,68.84735202492212,6659.888888888889,1.1218218613073077,0.157230058374671,True
VLBS,2026-03-25,815.0,847.7,809.0,814.0,-0.12,21397.0,1008.0,737.0,,,,,,,
VLBS,2026-01-25,792.0,792.0,765.0,791.9,-0.01,9286.0,,,768.9596869063384,767.5949562798818,62.58848244051696,2779.0,1.0753199150257615,0.3987339744840028,True
VLUCL,2026-03-25,577.0,591.0,577.0,581.0,0.69,5459.0,699.0,516.0,,,,,,,
WNLB,2026-03-25,1670.0,1670.0,1630.0,1630.0,-2.4,1658.0,3562.0,1242.1,,,,,,,
NICD88,2026-01-13,1140.0,1150.0,1140.0,1150.0,0.88,175.0,,,1138.0816436407615,1137.530832463042,59.61254031869278,125.0,0.196333610964848,0.0861713754209176,True
KRBL,2023-06-13,280.0,289.0,280.0,286.0,2.88,15480.0,,,264.93174688533685,263.69602713877174,64.98638349887949,7373.333333333333,1.1181971404118258,0.4009139465723251,True
PLI,2023-06-08,436.3,469.8,436.2,463.0,4.04,29907.0,,,427.2633026211422,425.5215415423394,62.15953451781924,10563.533333333333,1.8553479834127304,0.6578413781181552,True
CBL,2022-11-27,230.0,230.0,227.1,230.0,-0.43,62913.0,,,211.6524135980435,211.05831471843757,66.7464102606223,102489.23333333334,1.4275167185658515,0.4706417161151819,True
SRBL,2021-01-10,262.0,270.0,258.0,269.0,4.26,173893.0,,,252.81291643591345,252.06223144670756,63.333333333333336,84320.13333333333,0.6903878031708984,0.2490070603559388,True
CCBL,2020-09-17,175.0,188.0,171.0,183.0,6.4,197064.0,,,174.06255673623883,173.92081527652223,69.56521739130434,44266.96666666667,0.1266885244099285,0.0376511731914035,True
RHPC,2020-01-20,85.0,86.0,81.0,81.0,-4.71,19354.0,,,74.80214299093048,74.527411383477,68.9655172413793,9529.9,0.5638862150744245,0.1901773807507538,True
NCCB,2020-01-07,210.0,211.0,207.0,209.0,2.45,139109.0,,,203.2934190015431,203.0696804031118,68.18181818181819,33677.0,0.178819316891662,0.0635975725051991,True
SLICL,2019-12-23,284.0,298.0,276.0,294.0,5.38,37622.0,,,277.34728088302387,277.11766489896075,69.56521739130434,10147.633333333331,1.3394827626468668,0.4701811650299305,True
LBL,2019-11-03,220.0,222.0,218.0,222.0,1.83,21844.0,,,215.5872542298151,215.29194334651507,65.21739130434783,11148.633333333331,0.4461559916585543,0.1592782106665879,True
RRHP,2019-05-30,97.0,105.0,97.0,104.0,8.33,6530.0,,,95.49857807210842,95.01447987697075,67.64705882352942,931.8,0.2231561389826112,0.0862854371120619,True
NIB,2019-04-11,546.0,550.0,546.0,549.0,-0.18,10129.0,,,538.2436608959815,537.8213822389048,69.38775510204081,14966.4,1.7914213278176705,0.6341332590975298,True
NBB,2018-09-23,215.0,218.0,212.0,215.0,0.94,13708.0,,,209.1537185872968,208.941865315146,61.81818181818181,21924.9,0.7190961431016717,0.2573854891292796,True
BOKL,2017-08-06,485.0,489.0,476.0,486.0,0.21,20499.0,,,474.7808534712243,474.2326396228008,60.526315789473685,21330.666666666668,1.3775358785383218,0.4942647708780782,True
MEGA,2016-12-08,517.0,520.0,515.0,517.0,0.0,24110.0,,,499.2932245922062,498.5481801051659,68.66666666666667,30797.13333333333,2.6105051752198394,0.9338222672567668,True
GLICL,2015-06-30,570.0,572.0,560.0,572.0,0.35,7760.0,,,534.2446898747788,534.0021656880488,58.49056603773585,2244.2,2.5906914216253427,0.8358107157263021,True
PLIC,2015-01-11,1012.0,1040.0,1009.0,1035.0,2.27,11522.0,,,977.9939390429066,974.705692972954,63.00366300366301,2334.5,2.881722744617946,1.0484142340771083,True
