Symbol,Date,Open,High,Low,Close,Percent Change,Volume,52High,52Low
ACLBSL,2026-03-19,990.0,1004.0,990.0,998.5,0.86,5849.0,1240.0,900.0
ADBL,2026-03-19,310.0,327.9,310.0,326.5,5.32,251474.0,344.9,272.3
AHL,2026-03-19,525.0,535.3,523.4,535.0,1.9,15642.0,765.8,462.6
AHPC,2026-03-19,315.0,323.3,312.0,312.7,-0.73,1029656.0,334.0,242.5
AKJCL,2026-03-19,419.9,431.8,412.0,414.1,-1.38,1412159.0,431.8,172.9
AKPL,2026-03-19,305.0,317.0,301.2,310.0,1.64,1694102.0,317.0,216.1
ALBSL,2026-03-19,1117.2,1174.0,1117.2,1160.0,3.83,34337.0,1250.0,771.0
ALICL,2026-03-19,475.0,485.5,470.9,483.7,1.83,87150.0,779.0,430.0
ANLB,2026-03-19,6370.0,6599.0,6266.1,6500.0,2.04,710.0,6800.0,4920.0
API,2026-03-19,347.8,353.9,342.2,344.4,-0.98,1528471.0,355.0,258.8
AVYAN,2026-03-19,1070.0,1122.0,1070.0,1098.0,2.62,31275.0,1225.0,906.0
BANDIPUR,2026-03-19,930.0,954.0,930.0,943.0,1.4,109303.0,1233.0,285.0
BARUN,2026-03-19,383.5,401.5,377.2,393.0,2.48,580488.0,589.0,292.1
BBC,2026-03-19,4910.0,4910.0,4794.0,4858.0,-1.06,872.0,6661.6,4480.0
BEDC,2026-03-19,538.0,545.7,526.0,533.5,-0.84,30241.0,929.1,500.0
BFC,2026-03-19,480.0,504.0,480.0,502.0,4.58,60059.0,594.9,411.5
BGWT,2026-03-19,767.0,783.0,767.0,770.1,0.4,5041.0,1110.0,730.7
BHCL,2026-03-19,586.0,597.7,580.0,593.0,1.19,66263.0,699.0,292.1
BHDC,2026-03-19,501.0,510.5,501.0,508.0,1.4,79138.0,706.0,426.0
BHL,2026-03-19,257.0,264.4,256.0,257.7,0.27,1477841.0,344.0,164.0
BHPL,2026-03-19,586.1,620.0,586.1,607.0,3.57,106402.0,1308.4,503.1
BNHC,2026-03-19,376.0,379.0,372.0,377.0,0.27,46917.0,613.8,313.1
BNL,2026-03-19,15048.0,15348.9,15048.0,15348.9,2.0,20.0,20338.4,14635.8
BNT,2026-03-19,12000.0,12011.0,11950.0,12000.0,0.0,197.0,13550.0,10660.0
BPCL,2026-03-19,711.5,774.1,711.5,752.0,5.69,161981.0,1065.0,380.7
BUNGAL,2026-03-19,632.1,657.0,632.1,645.0,2.04,33530.0,822.0,302.4
C30MF,2026-03-19,9.99,10.33,9.99,10.12,1.3,11500.0,10.71,8.7
CBBL,2026-03-19,932.0,950.0,931.1,935.0,0.32,57682.0,1144.8,821.5
CBLD88,2026-03-19,1185.0,1185.0,1185.0,1175.0,-0.84,27.0,1265.0,1108.0
CFCL,2026-03-19,565.0,575.0,557.0,573.3,1.47,49887.0,651.0,445.1
CGH,2026-03-19,852.1,875.0,851.3,858.5,0.75,57623.0,1150.0,800.2
CHCL,2026-03-19,506.0,515.0,499.1,509.7,0.73,110706.0,599.6,456.0
CHDC,2026-03-19,2520.0,2538.0,2506.0,2530.0,0.4,46339.0,2997.9,1990.0
CHL,2026-03-19,323.3,330.0,318.0,326.0,0.84,256804.0,551.0,223.4
CIT,2026-03-19,1850.0,1850.0,1822.0,1840.0,-0.54,15716.0,2168.0,1730.8
CITY,2026-03-19,492.0,515.0,490.0,514.0,4.47,51472.0,998.4,461.0
CKHL,2026-03-19,710.0,783.0,700.0,744.0,4.79,15714.0,804.0,550.0
CLI,2026-03-19,475.0,491.9,475.0,490.0,3.16,55838.0,540.0,411.0
CMF2,2026-03-19,10.03,10.22,10.03,10.22,1.89,7150.0,10.86,8.64
CORBL,2026-03-19,1818.3,1960.9,1679.0,1960.9,7.84,59999.0,2800.0,1431.0
CREST,2026-03-19,1385.0,1432.0,1385.0,1429.5,3.21,25911.0,2458.2,302.5
CSY,2026-03-19,9.5,9.79,9.33,9.47,-0.32,8950.0,10.0,8.87
CYCL,2026-03-19,1581.0,1606.0,1581.0,1605.0,1.52,2186.0,2040.0,1462.0
CZBIL,2026-03-19,210.3,231.0,210.3,227.0,7.94,622383.0,240.1,183.0
DDBL,2026-03-19,870.2,887.0,870.2,885.0,1.7,15824.0,1010.0,759.0
DHEL,2026-03-19,705.0,717.2,698.1,705.1,0.01,57051.0,918.9,402.2
DHPL,2026-03-19,335.0,340.0,328.5,339.0,1.19,37562.0,423.0,265.0
DLBS,2026-03-19,1349.0,1368.9,1349.0,1352.1,0.23,897.0,1684.0,1240.0
DOLTI,2026-03-19,524.8,524.8,515.0,520.0,-0.91,20589.0,742.0,470.6
DORDI,2026-03-19,321.1,327.4,318.3,319.5,-0.5,520092.0,450.0,213.1
EBL,2026-03-19,706.0,716.5,704.0,714.0,1.13,51308.0,780.6,594.0
EBLD85,2026-03-19,1170.1,1190.0,1170.1,1190.0,1.7,85.0,1250.0,1102.5
EBLD86,2026-03-19,1127.0,1127.0,1092.0,1100.0,-2.4,125.0,1150.0,1010.2
EBLD91,2026-03-19,1115.0,1130.0,1115.0,1125.0,0.9,280.0,1142.4,994.4
EBLEB89,2026-03-19,1102.0,1102.0,1102.0,1102.0,0.0,50.0,1117.9,996.1
EDBL,2026-03-19,604.1,626.0,604.1,623.0,3.13,54267.0,717.3,545.0
EHPL,2026-03-19,460.0,470.0,456.0,456.1,-0.85,122335.0,790.6,385.0
ENL,2026-03-19,920.2,967.0,920.2,959.7,4.29,3681.0,1289.8,866.0
FMDBL,2026-03-19,817.0,842.0,817.0,842.0,3.06,72283.0,1038.8,718.0
FOWAD,2026-03-19,1108.0,1108.0,1088.0,1108.0,0.0,7378.0,1324.4,1012.4
GBBD85,2026-03-19,1081.7,1116.0,1081.7,1116.0,3.17,291.0,1135.0,1020.1
GBBL,2026-03-19,420.0,437.0,420.0,434.0,3.33,114243.0,498.0,367.4
GBILD84/85,2026-03-19,1214.0,1214.0,1214.0,1214.0,0.0,25.0,1238.0,1104.0
GBIME,2026-03-19,237.0,251.0,237.0,249.0,5.06,413913.0,278.9,210.7
GBIMESY2,2026-03-19,9.3,9.42,9.3,9.4,1.08,7000.0,10.18,8.5
GBLBS,2026-03-19,799.8,799.8,782.2,796.9,-0.36,10374.0,950.0,698.0
GCIL,2026-03-19,440.0,456.0,440.0,451.1,2.52,79979.0,579.0,400.0
GFCL,2026-03-19,684.0,685.0,662.0,682.0,-0.29,33851.0,756.8,528.3
GHL,2026-03-19,285.0,290.0,280.3,283.4,-0.56,835647.0,299.0,197.1
GIBF1,2026-03-19,10.9,11.1,10.9,11.02,1.1,3800.0,11.68,9.3
GILB,2026-03-19,1156.0,1199.0,1156.0,1188.0,2.77,3192.0,1441.6,1100.0
GLBSL,2026-03-19,1900.0,1957.8,1900.0,1937.3,1.96,3735.0,3232.0,1838.6
GLH,2026-03-19,310.0,318.0,304.2,308.1,-0.61,975850.0,328.2,227.4
GMFBS,2026-03-19,1470.0,1472.5,1447.0,1460.0,-0.68,2479.0,1871.0,1385.1
GMFIL,2026-03-19,485.5,500.6,485.5,498.0,2.57,58397.0,557.0,393.1
GMLI,2026-03-19,1745.0,1769.9,1745.0,1755.0,0.57,4198.0,2778.0,1694.0
GRDBL,2026-03-19,1086.9,1184.9,1086.9,1166.0,7.28,41592.0,1668.4,944.0
GSY,2026-03-19,9.8,9.99,9.79,9.9,1.02,91566.0,10.4,8.7
GUFL,2026-03-19,579.7,596.5,579.7,592.0,2.12,40355.0,644.0,460.6
GVL,2026-03-19,510.5,517.0,510.0,511.5,0.2,144633.0,662.0,424.0
H8020,2026-03-19,11.61,11.78,11.44,11.68,0.6,12910.0,12.21,10.0
HATHY,2026-03-19,936.0,960.0,930.0,951.0,1.6,17944.0,1469.8,875.5
HBL,2026-03-19,217.0,230.4,217.0,225.8,4.06,543241.0,261.0,184.0
HBLD83,2026-03-19,1040.0,1040.0,1040.0,1040.0,0.0,50.0,1111.0,1020.0
HDHPC,2026-03-19,257.5,264.0,252.0,253.4,-1.59,1822131.0,264.0,162.0
HDL,2026-03-19,1182.0,1198.9,1182.0,1195.0,1.1,98089.0,1556.1,1103.0
HEI,2026-03-19,545.0,565.0,539.5,555.0,1.83,42847.0,654.0,458.0
HEIP,2026-03-19,315.0,323.0,314.4,323.0,2.54,6370.0,414.7,293.1
HFIN,2026-03-19,147.0,163.4,147.0,163.4,11.16,190.0,163.4,101.7
HHL,2026-03-19,390.7,400.0,383.5,389.0,-0.44,243831.0,545.0,310.7
HIDCL,2026-03-19,292.5,300.0,292.5,299.0,2.22,677725.0,340.0,245.0
HIDCLP,2026-03-19,221.7,227.9,220.0,225.0,1.49,1707601.0,239.0,167.0
HIMSTAR,2026-03-19,979.0,985.0,956.0,970.0,-0.92,11510.0,1264.0,252.2
HLBSL,2026-03-19,949.5,955.0,931.2,950.0,0.05,3859.0,1100.0,837.0
HLI,2026-03-19,390.0,396.0,386.0,396.0,1.54,204604.0,464.0,354.8
HLICF,2026-03-19,9.32,9.51,9.32,9.34,0.21,1700.0,10.55,8.74
HPPL,2026-03-19,498.0,521.0,498.0,510.0,2.41,326016.0,711.0,411.1
HRL,2026-03-19,887.0,894.9,870.0,887.9,0.1,201643.0,1139.9,762.1
HURJA,2026-03-19,297.0,312.1,297.0,305.0,2.69,619385.0,312.1,204.6
ICFC,2026-03-19,668.0,680.0,658.1,675.0,1.05,34873.0,730.9,555.0
ICFCD88,2026-03-19,1184.9,1184.9,1161.3,1169.0,-1.34,375.0,1216.0,1040.8
IGI,2026-03-19,453.0,468.2,447.0,461.3,1.83,65623.0,600.0,392.0
IHL,2026-03-19,525.0,544.0,520.5,530.0,0.95,19052.0,718.0,490.0
ILBS,2026-03-19,952.0,986.0,952.0,971.1,2.01,7155.0,1311.0,795.2
ILI,2026-03-19,455.0,465.1,451.0,463.9,1.96,44887.0,500.0,405.0
JBBL,2026-03-19,359.1,378.0,359.1,375.0,4.43,394005.0,413.0,295.0
JBLB,2026-03-19,1380.0,1390.0,1366.0,1371.5,-0.62,9794.0,1644.0,1270.7
JFL,2026-03-19,453.1,462.0,450.0,455.0,0.42,23826.0,558.0,395.0
JHAPA,2026-03-19,1447.0,1447.0,1400.1,1417.0,-2.07,8468.0,1749.0,293.4
JOSHI,2026-03-19,320.0,332.5,316.1,325.0,1.56,249220.0,487.0,254.0
JSLBB,2026-03-19,1164.0,1200.0,1156.2,1197.0,2.84,979.0,1535.8,1059.0
KBL,2026-03-19,225.3,239.0,221.5,232.0,2.97,2381631.0,239.0,175.5
KBSH,2026-03-19,1734.0,1768.0,1700.1,1700.1,-1.96,485.0,2625.0,1618.0
KDBY,2026-03-19,10.22,10.5,10.22,10.36,1.37,159056.0,10.57,8.67
KDL,2026-03-19,907.8,907.8,880.2,898.0,-1.08,12969.0,1212.0,770.0
KEF,2026-03-19,9.41,9.89,9.41,9.89,5.1,165583.0,10.42,8.31
KKHC,2026-03-19,294.1,302.0,294.0,296.0,0.65,409372.0,475.9,208.0
KMCDB,2026-03-19,936.1,970.0,936.1,965.0,3.09,8053.0,1223.0,893.0
KPCL,2026-03-19,546.0,552.0,541.1,545.0,-0.18,124572.0,711.0,491.0
KSBBL,2026-03-19,491.0,505.0,487.1,503.0,2.44,171152.0,588.0,404.1
KSY,2026-03-19,9.5,10.0,9.5,9.81,3.26,13843.0,10.51,8.21
LBBL,2026-03-19,506.0,522.2,495.0,516.9,2.15,245321.0,646.3,376.5
LEC,2026-03-19,267.0,275.0,262.9,265.3,-0.64,1173131.0,275.0,180.0
LICN,2026-03-19,867.5,884.3,857.0,880.0,1.44,70857.0,1052.0,773.0
LLBS,2026-03-19,1012.0,1023.0,990.0,1021.0,0.89,7167.0,1300.5,865.0
LSL,2026-03-19,226.4,231.0,223.1,231.0,2.03,462620.0,252.0,201.0
LUK,2026-03-19,9.84,10.0,9.84,10.0,1.63,1100.0,11.97,8.97
LVF2,2026-03-19,9.87,10.01,9.82,10.01,1.42,12200.0,11.45,8.76
MABEL,2026-03-19,745.0,764.0,740.0,753.0,1.07,25650.0,927.0,317.7
MAKAR,2026-03-19,544.0,555.0,544.0,548.1,0.75,15417.0,802.0,515.0
MANDU,2026-03-19,820.0,840.0,818.0,831.9,1.45,2819.0,970.0,766.5
MATRI,2026-03-19,980.0,989.0,965.0,989.0,0.92,2102.0,1347.0,904.0
MBJC,2026-03-19,315.0,332.1,311.0,320.0,1.59,233722.0,371.0,270.0
MBL,2026-03-19,247.5,268.0,247.5,266.6,7.72,641203.0,272.1,205.0
MBLEF,2026-03-19,10.25,10.4,10.25,10.32,0.68,5000.0,10.69,8.59
MCHL,2026-03-19,414.0,432.0,414.0,426.0,2.9,18719.0,641.0,392.0
MDB,2026-03-19,662.9,682.0,650.5,666.0,0.47,60647.0,729.7,530.5
MEHL,2026-03-19,490.0,491.6,477.2,480.0,-2.04,37372.0,582.0,372.4
MEL,2026-03-19,306.0,312.0,303.0,307.0,0.33,110550.0,350.0,255.0
MEN,2026-03-19,616.0,629.0,615.0,629.0,2.11,92106.0,683.4,535.0
MERO,2026-03-19,733.0,769.0,727.0,745.0,1.64,42165.0,1000.0,668.0
MFIL,2026-03-19,838.0,870.0,838.0,854.0,1.91,120563.0,918.0,545.0
MFLD85,2026-03-19,1163.7,1163.7,1163.7,1163.7,0.0,25.0,1201.0,1051.8
MHCL,2026-03-19,380.0,397.0,380.0,393.2,3.47,63786.0,553.0,325.0
MHL,2026-03-19,562.9,574.0,558.9,561.0,-0.34,45042.0,785.0,445.0
MHNL,2026-03-19,313.8,324.0,302.2,323.5,3.09,216889.0,324.0,226.0
MKCL,2026-03-19,1390.0,1404.0,1383.0,1387.0,-0.22,5047.0,1900.0,1333.0
MKHC,2026-03-19,361.0,367.1,358.0,361.1,0.03,104969.0,546.0,310.7
MKHL,2026-03-19,797.5,826.0,797.5,825.0,3.45,5894.0,1027.0,652.0
MKJC,2026-03-19,536.9,555.9,536.9,547.0,1.88,72319.0,635.0,475.5
MLBBL,2026-03-19,1335.0,1368.9,1335.0,1357.0,1.65,3814.0,2019.0,1285.0
MLBL,2026-03-19,393.0,408.0,389.3,405.1,3.08,199086.0,468.6,348.9
MLBS,2026-03-19,1468.0,1500.0,1453.0,1500.0,2.18,1626.0,1915.0,1395.0
MLBSL,2026-03-19,1885.0,1920.0,1848.0,1919.9,1.85,2336.0,2435.5,1808.4
MMF1,2026-03-19,9.45,9.63,9.32,9.43,-0.21,85978.0,9.95,8.05
MMKJL,2026-03-19,584.4,595.0,564.0,585.0,0.1,12887.0,732.9,528.2
MNBBL,2026-03-19,387.0,402.0,387.0,400.1,3.39,206199.0,503.0,340.1
MNMF1,2026-03-19,9.89,9.93,9.61,9.74,-1.52,39790.0,10.11,8.53
MPFL,2026-03-19,728.5,728.5,700.0,725.0,-0.48,59952.0,730.0,491.0
MSHL,2026-03-19,807.1,820.0,798.0,808.0,0.11,5759.0,979.0,782.0
MSLB,2026-03-19,1361.3,1361.3,1335.0,1347.8,-0.99,4444.0,1710.0,1130.2
NABBC,2026-03-19,1436.7,1580.0,1385.0,1500.0,4.41,77696.0,2040.0,662.0
NABIL,2026-03-19,528.0,536.0,527.0,535.2,1.36,151867.0,562.0,471.0
NABILD2089,2026-03-19,1056.7,1077.8,1056.7,1077.8,2.0,75.0,1125.0,1000.0
NADEP,2026-03-19,802.0,813.0,788.3,801.3,-0.09,4176.0,1046.0,696.0
NBF2,2026-03-19,9.95,10.16,9.95,10.02,0.7,545450.0,11.1,8.89
NBF3,2026-03-19,9.6,10.0,9.6,9.85,2.6,164505.0,10.67,8.35
NBL,2026-03-19,259.0,275.2,259.0,274.7,6.06,299889.0,313.0,225.4
NBLD82,2026-03-19,1060.0,1060.0,1060.0,1060.0,0.0,50.0,1150.0,1042.5
NBLD87,2026-03-19,1065.6,1076.0,1065.6,1075.1,0.89,75.0,1150.0,1010.1
NCCD86,2026-03-19,1120.0,1120.0,1120.0,1120.0,0.0,25.0,1230.0,1052.4
NESDO,2026-03-19,1599.0,1600.0,1556.5,1600.0,0.06,3322.0,1894.0,1380.1
NFS,2026-03-19,660.0,668.0,655.0,663.0,0.45,29626.0,851.0,576.0
NGPL,2026-03-19,459.0,478.0,459.0,474.0,3.27,1426082.0,479.2,254.8
NHDL,2026-03-19,684.0,684.0,671.1,677.5,-0.95,16961.0,882.3,623.0
NHPC,2026-03-19,300.0,327.4,296.0,312.0,4.0,2169302.0,327.4,178.6
NIBD84,2026-03-19,1071.5,1071.5,1071.5,1071.5,0.0,100.0,1130.0,1013.1
NIBLGF,2026-03-19,9.29,9.54,9.29,9.36,0.75,27590.0,11.03,7.84
NIBLSTF,2026-03-19,9.3,9.55,9.21,9.49,2.04,17620.0,10.08,7.85
NIBSF2,2026-03-19,9.54,9.54,9.3,9.48,-0.63,13550.0,10.52,8.06
NICA,2026-03-19,346.0,367.0,346.0,366.0,5.78,326932.0,428.4,304.5
NICAD2091,2026-03-19,1085.0,1085.0,1063.3,1063.3,-2.0,50.0,1102.6,1005.2
NICBF,2026-03-19,9.79,10.16,9.79,10.16,3.78,3400.0,10.93,8.48
NICFC,2026-03-19,9.35,9.69,9.35,9.43,0.86,10747.0,10.4,8.37
NICGF2,2026-03-19,9.26,9.63,9.26,9.63,4.0,54700.0,9.98,8.33
NICL,2026-03-19,523.0,526.0,516.0,525.0,0.38,48744.0,877.8,483.0
NICLBSL,2026-03-19,595.0,610.0,588.2,610.0,2.52,50717.0,764.0,535.0
NICSF,2026-03-19,9.49,9.6,9.35,9.6,1.16,21230.0,9.99,8.04
NIFRA,2026-03-19,281.0,292.4,281.0,292.0,3.91,778529.0,328.1,249.9
NIFRAGED,2026-03-19,1048.4,1050.0,1034.1,1034.1,-1.36,846.0,1137.2,948.0
NIL,2026-03-19,665.7,665.8,658.0,665.0,-0.11,11113.0,783.9,562.0
NIMB,2026-03-19,213.1,226.7,213.1,223.0,4.65,812852.0,247.0,184.2
NIMBD90,2026-03-19,1188.0,1188.0,1188.0,1188.0,0.0,25.0,1425.0,1115.0
NIMBPO,2026-03-19,165.0,166.9,160.5,165.1,0.06,27060.0,184.5,150.0
NLG,2026-03-19,685.0,712.0,685.0,704.9,2.91,34835.0,976.2,655.0
NLIC,2026-03-19,802.0,829.0,800.2,828.0,3.24,176072.0,890.0,702.0
NLICL,2026-03-19,620.0,631.0,589.0,620.0,0.0,71173.0,691.0,539.0
NMB,2026-03-19,249.0,262.9,249.0,260.9,4.78,221234.0,283.0,231.0
NMB50,2026-03-19,10.14,10.54,10.14,10.38,2.37,2150.0,11.93,9.75
NMBD89/90,2026-03-19,1225.0,1225.0,1225.0,1225.0,0.0,25.0,1336.0,1145.1
NMBHF2,2026-03-19,9.65,9.89,9.65,9.74,0.93,62120.0,10.03,8.16
NMBMF,2026-03-19,690.0,704.0,684.1,696.1,0.88,6021.0,835.0,596.0
NMFBS,2026-03-19,1190.0,1197.0,1169.1,1190.0,0.0,6481.0,1504.0,1086.0
NMIC,2026-03-19,1325.0,1358.0,1308.0,1348.0,1.74,10795.0,2703.3,302.3
NMLBBL,2026-03-19,652.0,654.9,645.0,653.8,0.28,23157.0,807.0,600.0
NRIC,2026-03-19,1268.7,1286.0,1243.9,1279.8,0.87,83791.0,1842.0,1146.0
NRM,2026-03-19,436.0,448.0,436.0,447.4,2.61,62669.0,590.0,390.1
NRN,2026-03-19,1477.9,1524.0,1419.1,1515.0,2.51,312708.0,2444.0,1327.0
NSIF2,2026-03-19,10.82,11.09,10.82,11.0,1.66,105669.0,11.93,9.75
NSY,2026-03-19,9.95,9.95,9.5,9.63,-3.22,29470.0,10.19,9.43
NTC,2026-03-19,886.0,890.0,881.0,889.0,0.34,28123.0,942.5,762.5
NUBL,2026-03-19,713.0,727.0,712.2,724.0,1.54,25167.0,854.4,650.0
NWCL,2026-03-19,878.0,895.5,863.0,875.0,-0.34,7820.0,1045.0,740.2
NYADI,2026-03-19,459.0,482.0,455.0,456.2,-0.61,109064.0,663.9,354.0
OHL,2026-03-19,744.0,750.0,732.4,740.0,-0.54,13877.0,1049.5,633.1
OMPL,2026-03-19,1321.0,1346.9,1321.0,1334.0,0.98,14980.0,2167.2,270.0
PBD88,2026-03-19,1171.0,1200.0,1171.0,1200.0,2.48,81.0,1274.0,1096.3
PCBL,2026-03-19,256.7,261.5,252.0,260.0,1.29,382563.0,290.0,226.0
PFL,2026-03-19,405.0,411.0,398.0,409.9,1.21,45393.0,475.5,352.8
PHCL,2026-03-19,347.0,355.0,341.1,345.0,-0.58,348922.0,649.0,249.7
PMHPL,2026-03-19,387.0,401.0,380.0,398.0,2.84,150929.0,468.0,272.0
PMLI,2026-03-19,508.0,519.7,501.5,515.0,1.38,30220.0,589.6,445.0
PPCL,2026-03-19,416.5,439.0,416.5,434.0,4.2,207273.0,439.0,284.1
PPL,2026-03-19,401.0,413.0,401.0,406.0,1.25,258948.0,569.2,263.2
PRIN,2026-03-19,769.9,769.9,756.0,763.2,-0.87,20152.0,972.0,630.0
PROFL,2026-03-19,488.0,494.9,480.0,489.0,0.2,27404.0,589.2,421.4
PRSF,2026-03-19,11.78,11.78,11.32,11.57,-1.78,8100.0,12.05,9.85
PRVU,2026-03-19,211.0,235.0,211.0,223.3,5.83,1111074.0,250.9,179.9
PSF,2026-03-19,11.38,11.65,11.38,11.57,1.67,22000.0,11.9,9.86
PURE,2026-03-19,961.0,1009.8,960.1,999.0,3.95,33422.0,1327.9,289.3
RADHI,2026-03-19,875.0,897.0,875.0,884.5,1.09,316006.0,940.0,373.0
RAWA,2026-03-19,725.0,727.9,708.6,722.0,-0.41,10709.0,913.8,686.0
RBBD2088,2026-03-19,1066.0,1066.0,1066.0,1066.0,0.0,100.0,1100.0,967.6
RBBD83,2026-03-19,1035.0,1035.0,1035.0,1035.0,0.0,25.0,1100.0,1021.0
RBBF40,2026-03-19,9.47,9.83,9.3,9.6,1.37,5200.0,10.11,8.98
RBCL,2026-03-19,15552.1,15871.0,15552.1,15800.0,1.59,1271.0,16900.0,14251.0
RBCLPO,2026-03-19,12400.0,12647.0,12300.0,12647.0,1.99,210.0,13530.0,11025.0
RFPL,2026-03-19,402.8,428.8,402.8,423.0,5.01,452416.0,785.0,306.0
RHGCL,2026-03-19,329.4,353.0,326.0,338.1,2.64,562902.0,601.0,217.2
RHPL,2026-03-19,305.0,324.0,304.0,318.0,4.26,344619.0,457.0,252.3
RIDI,2026-03-19,370.0,377.0,362.5,364.0,-1.62,1696461.0,380.1,203.5
RLFL,2026-03-19,480.0,488.0,477.8,487.0,1.46,36363.0,576.0,398.0
RMF1,2026-03-19,9.99,10.0,9.58,9.82,-1.7,225172.0,11.4,8.38
RMF2,2026-03-19,10.1,10.13,10.1,10.13,0.3,12200.0,10.58,8.78
RNLI,2026-03-19,480.0,496.0,480.0,495.0,3.12,59072.0,561.0,416.0
RSDC,2026-03-19,668.0,688.5,668.0,687.0,2.84,36401.0,880.0,578.7
RSML,2026-03-19,1120.5,1250.1,1120.5,1250.1,11.57,770.0,1250.1,300.0
RSY,2026-03-19,10.6,10.6,10.45,10.45,-1.42,235610.0,10.6,8.58
RURU,2026-03-19,692.8,692.8,680.0,680.2,-1.82,19942.0,853.0,640.0
SABBL,2026-03-19,1262.0,1388.6,1262.0,1388.6,10.03,12660.0,1388.6,300.0
SADBL,2026-03-19,445.0,455.0,443.2,452.0,1.57,175628.0,526.5,376.0
SAGAR,2026-03-19,1925.0,1949.0,1915.3,1934.0,0.47,23738.0,2439.0,319.5
SAGF,2026-03-19,9.9,10.2,9.9,10.02,1.21,6050.0,11.31,8.79
SAHAS,2026-03-19,620.0,627.0,615.0,625.0,0.81,232389.0,705.0,483.3
SAIL,2026-03-19,1329.0,1421.0,1311.0,1350.0,1.58,101642.0,1690.0,301.7
SALICO,2026-03-19,623.0,624.9,613.5,620.0,-0.48,20264.0,765.9,570.1
SAND2085,2026-03-19,1122.0,1122.0,1122.0,1122.0,0.0,25.0,1189.0,1075.0
SANIMA,2026-03-19,351.0,361.0,351.0,357.1,1.74,164580.0,391.0,294.3
SANVI,2026-03-19,815.0,840.0,815.0,822.0,0.86,49171.0,1060.0,359.0
SAPDBL,2026-03-19,860.1,913.0,860.1,905.0,5.22,124346.0,1284.0,686.0
SARBTM,2026-03-19,877.0,906.0,877.0,904.0,3.08,44785.0,1048.0,760.2
SBCF,2026-03-19,9.47,9.83,9.47,9.66,2.01,27550.0,12.03,8.7
SBI,2026-03-19,413.4,437.0,411.1,425.8,3.0,97260.0,452.0,363.0
SBID2090,2026-03-19,1055.0,1105.0,1055.0,1105.0,4.74,909.0,1107.0,1000.0
SBL,2026-03-19,392.0,415.0,392.0,407.2,3.88,211253.0,416.0,261.0
SBLD2091,2026-03-19,1073.7,1105.0,1073.7,1105.0,2.92,475.0,1150.0,109.0
SBLD83,2026-03-19,1090.0,1116.5,1090.0,1116.5,2.43,115.0,1122.0,1038.7
SBLD84,2026-03-19,1066.9,1066.9,1066.9,1066.9,0.0,164.0,1115.0,1031.3
SCB,2026-03-19,670.0,673.0,663.8,667.4,-0.39,40079.0,712.6,594.9
SCBD,2026-03-19,1130.0,1130.0,1117.0,1117.0,-1.15,50.0,1236.0,1068.0
SDBD87,2026-03-19,1130.0,1130.0,1130.0,1130.0,0.0,25.0,1196.2,1040.2
SEF,2026-03-19,10.33,10.33,10.0,10.1,-2.23,7600.0,11.53,8.6
SFCL,2026-03-19,414.5,422.0,411.0,421.0,1.57,53757.0,587.0,359.4
SFEF,2026-03-19,10.6,10.65,10.24,10.48,-1.13,496596.0,11.12,8.82
SFMF,2026-03-19,10.4,10.6,10.3,10.6,1.92,13299.0,11.74,9.4
SGHC,2026-03-19,407.9,430.0,407.9,418.0,2.48,78152.0,564.0,296.0
SGIC,2026-03-19,500.1,521.0,496.0,515.0,2.98,60619.0,674.8,439.0
SHEL,2026-03-19,344.7,347.0,337.0,338.7,-1.74,796798.0,350.0,241.1
SHINE,2026-03-19,422.0,438.5,421.4,433.0,2.61,120787.0,499.0,382.0
SHINED,2026-03-19,1135.0,1136.0,1135.0,1136.0,0.09,50.0,1200.0,1000.0
SHIVM,2026-03-19,654.8,672.0,654.8,671.9,2.61,560219.0,709.0,495.0
SHL,2026-03-19,507.6,525.0,502.0,516.0,1.65,107712.0,619.0,464.0
SHLB,2026-03-19,1644.4,1644.4,1625.0,1644.0,-0.02,911.0,2349.0,1535.1
SHPC,2026-03-19,533.2,563.9,533.2,557.0,4.46,250240.0,684.9,443.1
SICL,2026-03-19,670.2,679.0,658.0,665.0,-0.78,19564.0,876.9,588.8
SIFC,2026-03-19,600.0,614.0,592.0,614.0,2.33,34230.0,687.4,459.0
SIGS2,2026-03-19,9.99,10.01,9.81,10.01,0.2,52625.0,11.7,8.9
SIGS3,2026-03-19,10.31,10.52,10.13,10.29,-0.19,5600.0,11.46,8.5
SIKLES,2026-03-19,660.0,680.0,658.0,667.0,1.06,57708.0,1199.0,540.0
SINDU,2026-03-19,783.8,830.0,783.8,829.8,5.87,66159.0,1247.0,608.0
SJCL,2026-03-19,315.0,344.6,315.0,339.0,7.62,286529.0,353.2,267.0
SJLIC,2026-03-19,456.0,472.0,455.0,472.0,3.51,64297.0,489.9,390.0
SKBBL,2026-03-19,799.0,810.0,793.0,799.0,0.0,19249.0,999.0,752.0
SLBBL,2026-03-19,850.0,862.0,843.2,859.0,1.06,18156.0,1155.0,780.0
SLBSL,2026-03-19,1344.0,1369.9,1332.5,1369.9,1.93,4318.0,2367.2,1234.5
SLCF,2026-03-19,9.73,10.09,9.73,9.89,1.64,65889.0,11.99,8.6
SMATA,2026-03-19,827.0,839.0,815.0,827.9,0.11,15860.0,1382.0,734.1
SMB,2026-03-19,1880.0,1924.0,1880.0,1921.9,2.23,3562.0,2800.0,1710.1
SMFBS,2026-03-19,1664.0,1678.0,1647.0,1678.0,0.84,1594.0,2026.0,1490.0
SMH,2026-03-19,638.0,642.0,630.0,640.0,0.31,54899.0,1024.8,603.0
SMHL,2026-03-19,529.0,552.5,527.0,545.2,3.06,519901.0,1230.0,443.0
SMJC,2026-03-19,508.4,508.4,493.0,494.0,-2.83,50045.0,679.3,464.0
SMPDA,2026-03-19,894.9,904.0,885.0,900.0,0.57,10331.0,1155.0,840.0
SNLI,2026-03-19,479.0,495.0,479.0,489.0,2.09,68796.0,671.0,411.6
SOHL,2026-03-19,405.5,439.2,405.5,439.2,8.31,1850.0,439.2,300.0
SONA,2026-03-19,465.1,475.0,456.0,473.9,1.89,147325.0,523.3,398.0
SPC,2026-03-19,530.0,534.0,520.0,526.0,-0.75,49699.0,591.0,441.0
SPDL,2026-03-19,452.0,458.0,443.0,444.0,-1.77,387433.0,465.0,308.9
SPHL,2026-03-19,585.0,602.9,575.0,580.0,-0.85,32734.0,826.0,477.1
SPIL,2026-03-19,725.1,733.9,725.0,733.0,1.09,13027.0,894.5,625.0
SPL,2026-03-19,732.0,773.0,732.0,754.0,3.01,39953.0,1035.0,696.3
SRBLD83,2026-03-19,1049.1,1049.1,1049.0,1049.0,-0.01,140.0,1126.0,1038.8
SRLI,2026-03-19,404.9,421.0,404.9,416.9,2.96,110714.0,451.1,363.9
SSHL,2026-03-19,243.5,250.0,240.0,242.0,-0.62,1619903.0,313.8,151.0
STC,2026-03-19,6110.0,6150.0,6055.1,6061.2,-0.8,4738.0,6335.9,4832.0
SWASTIK,2026-03-19,2817.0,2890.0,2808.0,2862.0,1.6,1134.0,3400.0,391.7
SWBBL,2026-03-19,767.0,775.0,759.0,768.0,0.13,15488.0,1046.5,718.0
SWMF,2026-03-19,685.1,707.9,685.1,704.0,2.76,13698.0,868.1,641.1
SYPNL,2026-03-19,1838.0,1912.0,1802.0,1855.0,0.92,184387.0,2255.9,319.8
TAMOR,2026-03-19,422.0,430.0,418.0,421.0,-0.24,76200.0,576.0,409.0
TPC,2026-03-19,425.0,432.0,422.0,422.0,-0.71,183141.0,616.0,270.1
TRH,2026-03-19,775.0,790.5,775.0,776.0,0.13,2877.0,1105.0,681.1
TSHL,2026-03-19,761.0,783.0,751.0,763.0,0.26,24790.0,989.0,616.8
TTL,2026-03-19,920.0,930.0,905.0,915.1,-0.53,43361.0,1262.8,366.1
TVCL,2026-03-19,630.0,636.4,613.1,620.0,-1.59,36503.0,689.0,377.6
UAIL,2026-03-19,466.0,502.8,463.0,487.1,4.53,82165.0,670.0,422.1
UHEWA,2026-03-19,638.9,649.6,623.3,627.0,-1.86,51580.0,895.5,508.5
ULBSL,2026-03-19,3183.1,3269.0,3119.5,3245.0,1.94,500.0,4325.0,2931.0
ULHC,2026-03-19,581.0,582.0,565.1,565.1,-2.74,83634.0,599.0,411.7
UMHL,2026-03-19,620.0,639.5,620.0,630.0,1.61,189026.0,706.0,430.5
UMRH,2026-03-19,594.0,594.0,580.0,584.6,-1.58,60802.0,675.0,526.0
UNHPL,2026-03-19,510.0,519.5,499.0,518.0,1.57,345245.0,554.7,290.0
UNL,2026-03-19,47199.0,47290.0,47199.0,47290.0,0.19,21.0,50724.0,45000.0
UNLB,2026-03-19,1858.0,1900.0,1857.0,1890.0,1.72,1168.0,2480.0,1810.0
UPCL,2026-03-19,421.9,424.9,413.0,417.0,-1.16,459472.0,489.0,277.5
UPPER,2026-03-19,222.0,239.5,222.0,235.6,6.13,2548271.0,239.5,166.0
USHEC,2026-03-19,524.0,538.5,520.0,525.0,0.19,105342.0,630.0,410.0
USHL,2026-03-19,711.1,738.6,710.0,732.0,2.94,10201.0,945.0,588.0
USLB,2026-03-19,1468.0,1492.9,1467.0,1483.9,1.08,4410.0,2750.0,1393.0
VLBS,2026-03-19,771.0,782.4,740.5,773.1,0.27,17814.0,1008.0,737.0
VLUCL,2026-03-19,580.0,600.0,576.1,590.0,1.72,10098.0,710.0,516.0
WNLB,2026-03-19,1585.0,1591.0,1565.0,1566.9,-1.14,1493.0,3562.0,1242.1
